gamma_eff_over_gf,tau_Q,E_B_max_over_omega0F2,P_B_max_over_omega0F2,t_at_E_B_max,t_at_P_B_max
0.0,0.1,4.019934086027598,1.3536733947511062,21.992677631852743,2.7866756142456985
0.0,0.11325413151528117,4.025560219484562,1.3554340449099767,9.42506261337022,2.7874128388477892
0.0,0.12826498305280606,4.032762852918214,1.3576788330415577,40.84079550560045,2.7882477761682036
0.0,0.14526539259467808,4.04204560965517,1.3605511119146811,21.99248190207434,2.789193377179136
0.0,0.16451905877536624,4.053710129393229,1.3641780705235764,47.133369708285144,2.7902643093916675
0.0,0.18632463119315604,4.0690000275888485,1.3687993634220648,28.276248968275297,2.791477184368087
0.0,0.21102034285685956,4.088396168881585,1.3746593266052776,15.712292767152487,2.7928508153889973
0.0,0.23898925662310497,4.11321233978582,1.3820764996715103,9.428606639198174,2.794406509271954
0.0,0.27066520700332414,4.144923833844176,1.3914433076895312,47.13252050260456,2.7961683968681323
0.0,0.3065395295056528,4.185455057935651,1.4032328418721234,28.283589088817706,2.7981638073634603
0.0,0.34716868189265615,4.237152962890434,1.418072812379645,28.286284883704397,2.820570618033202
0.0,0.3931828755705769,4.30303461988043,1.436703481688119,28.291971456752908,2.823148444009556
0.0,0.44529585099426555,4.386855594370486,1.4598497491362166,28.301042769145244,2.826067938431051
0.0,0.504315948717136,4.4933153811592215,1.4886811967304188,22.028693794758578,2.849584196386201
0.0,0.5711586478126432,4.628207119899006,1.524246364959345,3.1973771137872746,2.8735921908721074
0.0,0.6468607661546326,4.798778714591421,1.5679381876210363,47.20149615621214,2.8981606424810376
0.0,0.732596542821523,5.013998607055362,1.6212516807172526,47.220496091077585,2.943669008687124
0.0,0.8296958520834908,5.28472979585365,1.685965005230301,15.844871864254916,2.989983050122558
0.0,0.9396648314954695,5.6243389358737526,1.7638696527761337,22.17781382459667,3.0372198518978895
0.0,1.0642092440647246,6.049338717990796,1.8571592077830728,3.3920212355000983,3.126381096575392
0.0,1.2052609368708427,6.580079944135355,1.9679870934327186,41.16501389042558,3.2169781148814414
0.0,1.3650078065460138,7.241551449612693,2.0987942178686314,34.983290949876476,3.3297853548061043
0.0,1.5459277364194777,8.064853453019476,2.2522592835886512,35.106510525964765,3.465273385641646
0.0,1.750827031735725,9.088804781567987,2.431222533992685,28.971351787674383,3.6447170390498154
0.0,1.9828839491270713,10.361841427479767,2.6393081904111844,4.014685437447589,3.8274721735251624
0.0,2.245697995539774,11.945557943365108,2.8797106150273333,10.516041651763306,4.055889442230779
0.0,2.5433457613046495,13.916706161133867,3.1567292768147777,17.05188279328454,4.331305129983496
0.0,2.8804441533962977,16.373136680667642,3.4747046668280763,4.78230598306025,4.6341814924344895
0.0,3.26222200971167,19.43871464203329,3.8388161941020837,23.977591490566482,5.008653235807221
0.0,3.6946012051993025,23.270769374727728,4.255433972105224,18.09157898030325,5.41458253329741
0.0,4.184288507901583,28.06943188688499,4.730469774612745,37.402120228143346,5.875928136711217
0.0,4.738879609717656,34.08935113305566,5.271806870984793,19.078657770333766,6.417964758562335
0.0,5.366976945540476,41.65509042305258,5.8872822552136075,25.966425893226667,7.023342886649193
0.0,6.07832312829723,51.179976771097145,6.587295433130387,7.8092271307112595,7.741906215791335
0.0,6.8839520696455,63.19008556179413,7.382645363033175,52.581804509756346,8.536008063272133
0.0,7.796360130405237,78.36656733927322,8.285882825537556,53.47146250840212,9.43614126618861
0.0,8.829699955494092,97.56266489641563,9.311196948197598,23.070471178625137,10.452336468683225
0.0,10.0,121.8799822544932,10.473052476756914,24.22569087234894,11.62064906562625
0.0,11.325413151528126,152.72476394383736,11.791582142391858,56.95729655970259,12.93257090950593
0.0,12.826498305280612,191.89587020279077,13.285389609558745,33.31136911904634,14.430737075722716
0.0,14.526539259467812,241.6897903587914,14.978766967736362,60.13697883365367,16.112269857106007
0.0,16.451905877536625,305.0565294409676,16.89725518624465,30.63329208400248,18.02896919006396
0.0,18.6324631193156,385.7568500858097,19.07297101733079,45.37048016010779,20.213483240822843
0.0,21.102034285685967,488.61593320976914,21.536695136075537,54.116074353091115,22.676399770985082
0.0,23.898925662310504,619.8052397307907,24.32682257615129,25.490546441741362,25.460975043317067
0.0,27.06652070033241,787.2471564028564,27.48653901378835,28.649379472032336,28.618540528574822
0.0,30.653952950565298,1001.0615590333217,31.07094862257272,63.64529641677262,32.20994259530379
0.0,34.71686818926563,1274.2459889690601,35.126591241411944,67.69891407601578,36.273329488401046
0.0,39.3182875570577,1623.4244497591826,39.718690696842714,59.72423342770845,40.852662678558204
0.0,44.529585099426555,2069.8655342427064,44.925543967649986,46.073243670308734,46.073243670308734
0.0,50.431594871713585,2641.012456122151,50.821495937398886,83.39158054534042,51.9640069528314
0.0,57.11586478126435,3371.839734276617,57.4979030974721,77.49719256323567,58.63725656333319
0.0,64.68607661546328,4307.181887786731,65.02644137543297,110.18858345407256,66.17740037474911
0.0,73.2596542821523,5504.578941847288,73.61566025934611,74.77456457572744,74.77456457572744
0.0,82.96958520834914,7037.977369160682,83.28733857795396,122.16813439030398,84.4428702031413
0.0,93.966483149547,9001.797730172206,94.29786030597555,101.73861943781513,95.45916903593412
0.0,106.42092440647247,11517.385566553085,106.70315779795445,145.5922650429992,107.91103419438117
0.0,120.52609368708426,14740.248033542188,120.74316551635528,153.39842291299135,122.009066115849
0.0,136.50078065460139,18869.314306018554,136.7292832042174,156.7979754114916,137.9165439378565
0.0,154.59277364194784,24160.154115205154,154.71819246568108,174.87401555110065,156.0439484411975
0.0,175.08270317357253,30944.371300766943,175.1115997632598,214.1843410435196,176.44538457664208
0.0,198.28839491270713,39636.28300782621,198.20504005831063,237.3593339561654,199.7037512058989
0.0,224.56979955397762,50780.50286837381,224.6668886063136,251.05721976584192,225.8965619551733
0.0,254.33457613046508,65065.93522047138,254.35693798195814,274.5023297060734,255.62886768247864
0.0,288.0444153396298,83379.7161014651,288.01153084218964,333.31061008756194,289.35384703264634
0.0,326.222200971167,106857.33766523984,326.185501782886,352.6083544613488,327.48924283536695
0.0,369.46012051993023,136946.10206637176,369.32989073030296,414.63512289604506,370.68568801761273
0.0,418.42885079015844,175565.8801579573,418.429509127924,419.5829317197668,419.5829317197668
0.0,473.8879609717656,224779.0811382473,473.196013755549,475.0231925122835,475.0231925122835
0.0,536.6976945540476,288514.606239772,535.8201845422294,581.7095171144783,537.6961867653375
0.0,607.8323128297236,369847.19019972655,607.4904294308964,608.8115504078038,608.8115504078038
0.0,688.3952069645503,474282.3316737623,688.0840509683393,689.2796468778861,689.2796468778861
0.0,779.6360130405237,608076.9525135036,778.038086385519,805.57055232617,780.4677872706802
0.0,882.9699955494092,778593.4662641605,876.2289888397928,927.604076601013,883.7435217184701
0.0,1000.0,995708.5640891743,995.0740457086716,1000.6376594618653,1000.6376594618653
0.0001,0.1,4.019554786548652,1.3535698078105851,3.1475399527811128,2.7866756142456985
0.0001,0.11325413151528117,4.025163224881218,1.3553301448475634,3.148372645317287,2.7874128388477892
0.0001,0.12826498305280606,4.032355236687343,1.3575769887214844,3.1493157040173236,2.7882477761682036
0.0001,0.14526539259467808,4.041594553858645,1.3604440923688637,3.150383756957729,2.789193377179136
0.0001,0.16451905877536624,4.053375977739851,1.3640731364400387,3.1515933710395094,2.7902643093916675
0.0001,0.18632463119315604,4.068501219879947,1.368692704983483,3.1529633089625153,2.791477184368087
0.0001,0.21102034285685956,4.087873768192836,1.3745529935577019,3.154514820259515,2.7928508153889973
0.0001,0.23898925662310497,4.112684630650222,1.3819691240799332,3.1361683341469413,2.794406509271954
0.0001,0.27066520700332414,4.1444044752082245,1.391335348370619,3.1381457043987675,2.7961683968681323
0.0001,0.3065395295056528,4.18491219410047,1.4031230265697348,3.1605158255831887,2.7981638073634603
0.0001,0.34716868189265615,4.236652809994754,1.4179606057632397,3.163068357365805,2.820570618033202
0.0001,0.3931828755705769,4.302607908412366,1.4365887095787346,3.165959205067859,2.823148444009556
0.0001,0.44529585099426555,4.386486816262613,1.4597317261968934,3.1692332095262503,2.826067938431051
0.0001,0.504315948717136,4.492860125904614,1.488558937809089,3.172941154841373,2.849584196386201
0.0001,0.5711586478126432,4.627812184342168,1.5241188216904535,3.1973771137872746,2.8735921908721074
0.0001,0.6468607661546326,4.798248827004432,1.5678039524122216,3.222430252828566,2.8981606424810376
0.0001,0.732596542821523,5.01346639158345,1.6211088374251192,3.2481863888961366,2.943669008687124
0.0001,0.8296958520834908,5.284201365669828,1.6858113339700334,3.2747432453723255,2.989983050122558
0.0001,0.9396648314954695,5.623760811284043,1.7637026116211516,3.3225961198614495,3.0372198518978895
0.0001,1.0642092440647246,6.048730604393695,1.8569725833607613,3.3920212355000983,3.126381096575392
0.0001,1.2052609368708427,6.579296548703799,1.9677802303481022,3.4628617160188764,3.2169781148814414
0.0001,1.3650078065460138,7.240352708756999,2.0985625706700515,3.576436047754705,3.3297853548061043
0.0001,1.5459277364194777,8.063873234702704,2.251992213400624,3.6921662204158014,3.465273385641646
0.0001,1.750827031735725,9.087235313706834,2.4309112292616235,3.8310945637739535,3.6447170390498154
0.0001,1.9828839491270713,10.360405830602717,2.6389445301103494,4.014685437447589,3.8274721735251624
0.0001,2.245697995539774,11.942841740834702,2.8792797347972368,4.223142573869161,4.055889442230779
0.0001,2.5433457613046495,13.91377039562609,3.156212565894729,4.47848536741012,4.331305129983496
0.0001,2.8804441533962977,16.3701888299036,3.4740806637337216,4.78230598306025,4.6341814924344895
0.0001,3.26222200971167,19.433633938104336,3.838060159667538,5.136533718423575,5.008653235807221
0.0001,3.6946012051993025,23.265343437735982,4.254503137745632,5.52201470657712,5.41458253329741
0.0001,4.184288507901583,28.062598165514757,4.729322628272281,5.984340076502936,5.875928136711217
0.0001,4.738879609717656,34.07855129163569,5.270385588732698,6.505582011238954,6.417964758562335
0.0001,5.366976945540476,41.64175807249601,5.885512065140567,7.11196549720628,7.023342886649193
0.0001,6.07832312829723,51.16281091658811,6.585083206890095,7.8092271307112595,7.741906215791335
0.0001,6.8839520696455,63.16291924133274,7.379872823836506,8.58153343427625,8.536008063272133
0.0001,7.796360130405237,78.33237466021795,8.282395658208143,9.48239685572875,9.43614126618861
0.0001,8.829699955494092,97.51439607959897,9.306803382240732,10.4994190608845,10.452336468683225
0.0001,10.0,121.80847091549346,10.467501621034243,11.668668272509002,11.62064906562625
0.0001,11.325413151528126,152.62408753691417,11.78455743279389,12.981650871211835,12.93257090950593
0.0001,12.826498305280612,191.7597743641268,13.276472812372253,14.455877730906902,14.430737075722716
0.0001,14.526539259467812,241.47552192630965,14.967454057631238,16.16391174446853,16.112269857106007
0.0001,16.451905877536625,304.7592515265221,16.882870575730887,18.05556058857438,18.02896919006396
0.0001,18.6324631193156,385.38451415266275,19.054672278657506,20.240947211258742,20.213483240822843
0.0001,21.102034285685967,488.0722938703678,21.513378299381365,22.70485196517703,22.676399770985082
0.0001,23.898925662310504,619.048208573843,24.297107689974055,25.490546441741362,25.460975043317067
0.0001,27.06652070033241,786.1604389525761,27.44859586367415,28.649379472032336,28.618540528574822
0.0001,30.653952950565298,999.2772655124152,31.022509929882304,32.24221708588025,32.20994259530379
0.0001,34.71686818926563,1271.9142106926327,35.06472189434242,36.273329488401046,36.273329488401046
0.0001,39.3182875570577,1619.9214257369497,39.63965722063448,40.88840428982553,40.852662678558204
0.0001,44.529585099426555,2065.2072345416,44.82443756987951,46.073243670308734,46.073243670308734
0.0001,50.431594871713585,2634.1699497734544,50.692202242304646,51.9640069528314,51.9640069528314
0.0001,57.11586478126435,3361.821304624926,57.332513518838915,58.63725656333319,58.63725656333319
0.0001,64.68607661546328,4292.153597254789,64.81486262139823,66.22329316211024,66.17740037474911
0.0001,73.2596542821523,5484.320799043781,73.34473734701018,74.77456457572744,74.77456457572744
0.0001,82.96958520834914,7003.8392068947705,82.94066208389752,84.49607932047157,84.4428702031413
0.0001,93.966483149547,8959.203349804502,93.85377476344833,95.45916903593412,95.45916903593412
0.0001,106.42092440647247,11453.099427826137,106.13464613077063,107.91103419438117,107.91103419438117
0.0001,120.52609368708426,14642.96285922971,120.01536709842571,122.009066115849,122.009066115849
0.0001,136.50078065460139,18728.62884391744,135.79682545087798,137.9165439378565,137.9165439378565
0.0001,154.59277364194784,23957.178166478487,153.5244494159509,168.57003656213308,156.0439484411975
0.0001,175.08270317357253,30655.5582771511,173.58300983559135,182.75022217254048,176.44538457664208
0.0001,198.28839491270713,39226.715614918256,196.2476292843323,205.96312248100915,199.7037512058989
0.0001,224.56979955397762,50184.43012300194,222.15667953795813,225.8965619551733,225.8965619551733
0.0001,254.33457613046508,64220.99877068292,251.14229876513895,261.9453892468269,255.62886768247864
0.0001,288.0444153396298,82160.57792995866,283.89405310068855,295.6092325443074,289.35384703264634
0.0001,326.222200971167,105095.09058159975,320.9115807032245,327.48924283536695,327.48924283536695
0.0001,369.46012051993023,134402.11823116872,362.57703649131105,370.68568801761273,370.68568801761273
0.0001,418.42885079015844,171936.0755767623,409.7785266718043,419.5829317197668,419.5829317197668
0.0001,473.8879609717656,219525.26253557147,462.1358830387946,475.0231925122835,475.0231925122835
0.0001,536.6976945540476,280772.55249649566,521.6645329623072,544.004764115381,537.6961867653375
0.0001,607.8323128297236,358805.21955299046,589.3535024305137,608.8115504078038,608.8115504078038
0.0001,688.3952069645503,458285.10717225866,664.8754380723057,689.2796468778861,689.2796468778861
0.0001,779.6360130405237,584506.6870957309,748.3987667030234,786.6916133174959,780.4677872706802
0.0001,882.9699955494092,743471.8483528914,838.5400932652739,927.604076601013,883.7435217184701
0.0001,1000.0,947374.2757489831,946.770558544112,1000.6376594618653,1000.6376594618653
0.001,0.1,4.016705616090723,1.352635569014979,3.1475399527811128,2.7866756142456985
0.001,0.11325413151528117,4.022310183738878,1.354395549103437,3.148372645317287,2.7874128388477892
0.001,0.12826498305280606,4.029492295756018,1.3566386772859644,3.1493157040173236,2.7882477761682036
0.001,0.14526539259467808,4.0386972810714195,1.3594957599016377,3.150383756957729,2.789193377179136
0.001,0.16451905877536624,4.050481510973668,1.3631250586404673,3.1515933710395094,2.7902643093916675
0.001,0.18632463119315604,4.065578330655272,1.367736237120075,3.1529633089625153,2.791477184368087
0.001,0.21102034285685956,4.084951872582464,1.3735965146403293,3.154514820259515,2.7928508153889973
0.001,0.23898925662310497,4.109734002869289,1.3810043625290986,3.1361683341469413,2.794406509271954
0.001,0.27066520700332414,4.141416963556454,1.3903592254474022,3.1381457043987675,2.7961683968681323
0.001,0.3065395295056528,4.181880198823554,1.4021341581386517,3.1605158255831887,2.7981638073634603
0.001,0.34716868189265615,4.233563189194229,1.4169512033167555,3.163068357365805,2.820570618033202
0.001,0.3931828755705769,4.299441581888873,1.435556424288526,3.165959205067859,2.823148444009556
0.001,0.44529585099426555,4.383225021081553,1.4586713878311846,3.1692332095262503,2.826067938431051
0.001,0.504315948717136,4.489463250863988,1.4874593232781925,3.172941154841373,2.849584196386201
0.001,0.5711586478126432,4.624254879154624,1.5229714999753952,3.1973771137872746,2.8735921908721074
0.001,0.6468607661546326,4.794480372282091,1.5665966304531267,3.222430252828566,2.8981606424810376
0.001,0.732596542821523,5.009422137361206,1.6198239564551233,3.2481863888961366,2.943669008687124
0.001,0.8296958520834908,5.279802043789768,1.6844296329613262,3.2747432453723255,2.989983050122558
0.001,0.9396648314954695,5.618895546654289,1.762200558196874,3.3225961198614495,3.0372198518978895
0.001,1.0642092440647246,6.043264653170594,1.8553161847846027,3.3920212355000983,3.126381096575392
0.001,1.2052609368708427,6.573036149556386,1.965928729363766,3.4628617160188764,3.2169781148814414
0.001,1.3650078065460138,7.233055414412873,2.0964660030270377,3.576436047754705,3.3297853548061043
0.001,1.5459277364194777,8.055200380101526,2.2495899109799757,3.6921662204158014,3.465273385641646
0.001,1.750827031735725,9.076750708354822,2.428122977355643,3.8310945637739535,3.6447170390498154
0.001,1.9828839491270713,10.347496386182574,2.635675793055197,4.014685437447589,3.8274721735251624
0.001,2.245697995539774,11.926684423614292,2.8754011126409216,4.223142573869161,4.055889442230779
0.001,2.5433457613046495,13.893225564482181,3.151566645297922,4.47848536741012,4.331305129983496
0.001,2.8804441533962977,16.343691694340976,3.468471176244598,4.78230598306025,4.6341814924344895
0.001,3.26222200971167,19.39900469707965,3.8312309909766897,5.136533718423575,5.008653235807221
0.001,3.6946012051993025,23.219537303013993,4.246136694182062,5.52201470657712,5.41458253329741
0.001,4.184288507901583,28.001360998777496,4.719013356509981,5.984340076502936,5.875928136711217
0.001,4.738879609717656,33.99593982408824,5.2576159900915185,6.505582011238954,6.417964758562335
0.001,5.366976945540476,41.52926397197189,5.869622084735175,7.11196549720628,7.023342886649193
0.001,6.07832312829723,51.008463708020535,6.565227187810068,7.8092271307112595,7.741906215791335
0.001,6.8839520696455,62.94986426902745,7.354984296887069,8.58153343427625,8.536008063272133
0.001,7.796360130405237,78.03652925540479,8.25111588497017,9.48239685572875,9.43614126618861
0.001,8.829699955494092,97.10119008636329,9.267371661386472,10.4994190608845,10.452336468683225
0.001,10.0,121.22891808966813,10.417702175493574,11.668668272509002,11.62064906562625
0.001,11.325413151528126,151.80783616691303,11.721534117063522,12.981650871211835,12.93257090950593
0.001,12.826498305280612,190.60623312677794,13.196609311630887,14.455877730906902,14.430737075722716
0.001,14.526539259467812,239.84009826677945,14.866088983863355,16.16391174446853,16.112269857106007
0.001,16.451905877536625,302.434093469072,16.754068973361143,18.05556058857438,18.02896919006396
0.001,18.6324631193156,382.0706997430253,18.890828531157087,20.240947211258742,20.213483240822843
0.001,21.102034285685967,483.3401955983365,21.304799598624097,22.70485196517703,22.676399770985082
0.001,23.898925662310504,612.2785753644615,24.031407284668322,25.490546441741362,25.460975043317067
0.001,27.06652070033241,776.4601193057647,27.109915709148712,28.649379472032336,28.618540528574822
0.001,30.653952950565298,985.3626820833085,30.59053426094874,32.24221708588025,32.20994259530379
0.001,34.71686818926563,1251.922118607072,34.51357061136043,36.273329488401046,36.273329488401046
0.001,39.3182875570577,1591.1771248468415,38.936291368346296,40.88840428982553,40.852662678558204
0.001,44.529585099426555,2023.8318390615614,43.9264023506509,46.073243670308734,46.073243670308734
0.001,50.431594871713585,2574.588725668734,49.545615833777624,51.9640069528314,51.9640069528314
0.001,57.11586478126435,3275.9752605994195,55.86849475232678,58.63725656333319,58.63725656333319
0.001,64.68607661546328,4168.429718246891,62.94654602221418,66.22329316211024,66.17740037474911
0.001,73.2596542821523,5305.8681872922825,70.95819570997034,74.77456457572744,74.77456457572744
0.001,82.96958520834914,6746.647713627895,79.89494117642502,84.49607932047157,84.4428702031413
0.001,93.966483149547,8587.995879345155,89.96512295337851,95.45916903593412,95.45916903593412
0.001,106.42092440647247,10917.838929703064,101.17444440423634,107.91103419438117,107.91103419438117
0.001,120.52609368708426,13871.318256916511,113.69088132963445,122.009066115849,122.009066115849
0.001,136.50078065460139,17616.224409021743,127.73104593571745,137.9165439378565,137.9165439378565
0.001,154.59277364194784,22353.562970234823,143.25171333804326,156.0439484411975,156.0439484411975
0.001,175.08270317357253,28320.472202327725,160.50559934043636,176.44538457664208,176.44538457664208
0.001,198.28839491270713,35869.13274569422,179.61171249463595,199.7037512058989,199.7037512058989
0.001,224.56979955397762,45401.29942372959,200.9826932768414,225.8965619551733,225.8965619551733
0.001,254.33457613046508,57325.24019372352,224.25182536476382,255.62886768247864,255.62886768247864
0.001,288.0444153396298,72274.40486908822,249.77862091784755,289.35384703264634,289.35384703264634
0.001,326.222200971167,90936.59350966783,277.67810851540804,327.48924283536695,327.48924283536695
0.001,369.46012051993023,114127.57274444046,307.8823284351292,370.68568801761273,370.68568801761273
0.001,418.42885079015844,142934.65432479736,340.6588865255875,419.5829317197668,419.5829317197668
0.001,473.8879609717656,178185.20033348788,375.1084223721987,475.0231925122835,475.0231925122835
0.001,536.6976945540476,221627.58074342395,412.1799376645888,537.6961867653375,537.6961867653375
0.001,607.8323128297236,275040.3867781161,451.76604582137804,608.8115504078038,608.8115504078038
0.001,688.3952069645503,339533.4361554267,492.59170453291944,689.2796468778861,689.2796468778861
0.001,779.6360130405237,416507.22775459307,533.6635727287754,780.4677872706802,780.4677872706802
0.001,882.9699955494092,506233.18216361577,572.8281675878401,883.7435217184701,883.7435217184701
0.001,1000.0,616807.2803780929,616.4142180195445,1000.6376594618653,1000.6376594618653
0.01,0.1,3.988401383852821,1.3433592393855223,3.1475399527811128,2.7866756142456985
0.01,0.11325413151528117,3.993945777724775,1.3450993509408955,3.148372645317287,2.7874128388477892
0.01,0.12826498305280606,4.001048913297963,1.347318171088868,3.1493157040173236,2.7882477761682036
0.01,0.14526539259467808,4.0101549169340585,1.350141296786126,3.150383756957729,2.789193377179136
0.01,0.16451905877536624,4.021815073177028,1.3537315946542554,3.1515933710395094,2.7902643093916675
0.01,0.18632463119315604,4.036764553354986,1.3582955694513914,3.1529633089625153,2.791477184368087
0.01,0.21102034285685956,4.055903511216693,1.3640828382809878,3.154514820259515,2.7928508153889973
0.01,0.23898925662310497,4.0804092346174246,1.3714061237091675,3.1361683341469413,2.794406509271954
0.01,0.27066520700332414,4.1117375441956945,1.3806525861512982,3.1381457043987675,2.7961683968681323
0.01,0.3065395295056528,4.151743286329289,1.3922907324761413,3.1605158255831887,2.7981638073634603
0.01,0.34716868189265615,4.202840208839923,1.406905358016592,3.163068357365805,2.820570618033202
0.01,0.3931828755705769,4.2679589263339395,1.4252893790387735,3.165959205067859,2.823148444009556
0.01,0.44529585099426555,4.350760497582766,1.44812472141904,3.1692332095262503,2.826067938431051
0.01,0.504315948717136,4.455740178111145,1.4765295274385284,3.172941154841373,2.849584196386201
0.01,0.5711586478126432,4.5888908507689035,1.5115623628609909,3.1973771137872746,2.8735921908721074
0.01,0.6468607661546326,4.757014337097816,1.5545923813825777,3.222430252828566,2.8981606424810376
0.01,0.732596542821523,4.9692263290205085,1.6070460208376094,3.2481863888961366,2.943669008687124
0.01,0.8296958520834908,5.236059495323577,1.6706915920080476,3.2747432453723255,2.989983050122558
0.01,0.9396648314954695,5.57055590801215,1.7472688739420468,3.3225961198614495,3.0372198518978895
0.01,1.0642092440647246,5.988925077672934,1.8388345087288664,3.3920212355000983,3.126381096575392
0.01,1.2052609368708427,6.510861533475431,1.9475295129360402,3.4628617160188764,3.2169781148814414
0.01,1.3650078065460138,7.160602734525383,2.0756555459375483,3.576436047754705,3.3297853548061043
0.01,1.5459277364194777,7.969182898262328,2.22575181023099,3.6921662204158014,3.465273385641646
0.01,1.750827031735725,8.97276348019079,2.4004608572268147,3.8310945637739535,3.624008425191578
0.01,1.9828839491270713,10.219557434809891,2.6032446194192356,4.014685437447589,3.8274721735251624
0.01,2.245697995539774,11.766647024317583,2.836967077225456,4.223142573869161,4.055889442230779
0.01,2.5433457613046495,13.68987406808256,3.1055680727915975,4.47848536741012,4.331305129983496
0.01,2.8804441533962977,16.081599134547233,3.4129833825661184,4.78230598306025,4.6341814924344895
0.01,3.26222200971167,19.056838065398594,3.763744732603959,5.136533718423575,5.008653235807221
0.01,3.6946012051993025,22.76746617411634,4.163557160086096,5.52201470657712,5.41458253329741
0.01,4.184288507901583,27.397789957528126,4.617393976492871,5.984340076502936,5.875928136711217
0.01,4.738879609717656,33.18259495521425,5.131909978504845,6.505582011238954,6.417964758562335
0.01,5.366976945540476,40.4239956046091,5.713495848865898,7.11196549720628,7.023342886649193
0.01,6.07832312829723,49.49557656876955,6.370544459721346,7.8092271307112595,7.741906215791335
0.01,6.8839520696455,60.865775526694186,7.111515278844523,8.58153343427625,8.536008063272133
0.01,7.796360130405237,75.14896920658794,7.9458313117911565,9.48239685572875,9.43614126618861
0.01,8.829699955494092,93.08132407374282,8.883747466614544,10.4994190608845,10.452336468683225
0.01,10.0,115.60921632480097,9.93479155482332,11.668668272509002,11.62064906562625
0.01,11.325413151528126,143.92315980813044,11.112744715338833,12.981650871211835,12.93257090950593
0.01,12.826498305280612,179.50896281173902,12.42829872734489,14.455877730906902,14.430737075722716
0.01,14.526539259467812,224.18406454532163,13.895672890583917,16.16391174446853,16.112269857106007
0.01,16.451905877536625,280.2965994582366,15.527722080029715,18.05556058857438,18.02896919006396
0.01,18.6324631193156,350.71319202048295,17.340395728247028,20.240947211258742,20.213483240822843
0.01,21.102034285685967,438.8716960177834,19.344673425524938,22.70485196517703,22.676399770985082
0.01,23.898925662310504,549.1551784617031,21.55384195478541,25.490546441741362,25.460975043317067
0.01,27.06652070033241,686.8070832125788,23.979662640927515,28.649379472032336,28.618540528574822
0.01,30.653952950565298,858.0329237638688,26.637478815547265,32.24221708588025,32.20994259530379
0.01,34.71686818926563,1071.0239056690066,29.526484631400677,36.273329488401046,36.273329488401046
0.01,39.3182875570577,1334.361191549391,32.6518043309633,40.88840428982553,40.852662678558204
0.01,44.529585099426555,1659.4191762962244,36.01698174694859,46.073243670308734,46.073243670308734
0.01,50.431594871713585,2058.1624357144005,39.60746209549677,51.9640069528314,51.9640069528314
0.01,57.11586478126435,2545.1728540280296,43.40538768690565,58.63725656333319,58.63725656333319
0.01,64.68607661546328,3136.2477699327774,47.359300358093805,66.22329316211024,66.17740037474911
0.01,73.2596542821523,3850.578519939246,51.495833399866854,74.77456457572744,74.77456457572744
0.01,82.96958520834914,4701.921835051794,55.67997774582546,84.49607932047157,84.4428702031413
0.01,93.966483149547,5719.525032441046,59.9159314941032,95.45916903593412,95.45916903593412
0.01,106.42092440647247,6910.926805242968,64.04281876118665,107.91103419438117,107.91103419438117
0.01,120.52609368708426,8295.707395350868,67.99254891004574,122.009066115849,122.009066115849
0.01,136.50078065460139,9888.344059328307,71.69802677033347,137.9165439378565,137.9165439378565
0.01,154.59277364194784,11693.581089987856,74.93774162215834,156.0439484411975,156.0439484411975
0.01,175.08270317357253,13698.93197366389,77.63836955289428,176.44538457664208,176.44538457664208
0.01,198.28839491270713,15911.076953905409,79.67340051364755,199.7037512058989,199.7037512058989
0.01,224.56979955397762,18302.6087137479,81.02207734077801,225.8965619551733,225.8965619551733
0.01,254.33457613046508,20805.29258770286,81.38866621881493,255.62886768247864,255.62886768247864
0.01,288.0444153396298,23384.966861513705,80.8178882061841,289.35384703264634,289.35384703264634
0.01,326.222200971167,25965.269947135344,79.28587126200179,327.48924283536695,327.48924283536695
0.01,369.46012051993023,28465.187300774673,76.79062942247228,370.68568801761273,370.68568801761273
0.01,418.42885079015844,30828.333590451773,73.47375515036813,419.5829317197668,419.5829317197668
0.01,473.8879609717656,32918.79081454993,69.29933387136397,475.0231925122835,475.0231925122835
0.01,536.6976945540476,34758.3209711003,64.6430490426178,537.6961867653375,537.6961867653375
0.01,607.8323128297236,36346.86185108952,59.70133422525096,608.8115504078038,608.8115504078038
0.01,688.3952069645503,37574.21243273882,54.512290625339666,689.2796468778861,689.2796468778861
0.01,779.6360130405237,38438.90391069674,49.25110880632084,780.4677872706802,780.4677872706802
0.01,882.9699955494092,38879.774221633845,43.99440931236561,883.7435217184701,883.7435217184701
0.01,1000.0,39418.09162326344,39.39297232173149,1000.6376594618653,1000.6376594618653
0.02,0.1,3.9573032955466876,1.3331574191001792,3.1475399527811128,2.7866756142456985
0.02,0.11325413151528117,3.9627809886203336,1.3348756412306146,3.148372645317287,2.7874128388477892
0.02,0.12826498305280606,3.969799922741927,1.337066313110293,3.1493157040173236,2.7882477761682036
0.02,0.14526539259467808,3.978794683945353,1.3398547109962793,3.150383756957729,2.789193377179136
0.02,0.16451905877536624,3.990318827741406,1.3434003774843823,3.1515933710395094,2.7902643093916675
0.02,0.18632463119315604,4.0050818174512095,1.3479063388979258,3.1529633089625153,2.791477184368087
0.02,0.21102034285685956,4.023981632750173,1.353619495586224,3.154514820259515,2.7928508153889973
0.02,0.23898925662310497,4.048189040919669,1.3608499914248235,3.1361683341469413,2.794406509271954
0.02,0.27066520700332414,4.079128069424271,1.3699770577624146,3.1381457043987675,2.7961683968681323
0.02,0.3065395295056528,4.118642417755609,1.3814662743418424,3.1605158255831887,2.7981638073634603
0.02,0.34716868189265615,4.169085519373715,1.39586794308755,3.163068357365805,2.800423692190108
0.02,0.3931828755705769,4.233376276239079,1.4140014535766197,3.165959205067859,2.823148444009556
0.02,0.44529585099426555,4.315103560405268,1.4365281780884025,3.1692332095262503,2.826067938431051
0.02,0.504315948717136,4.4186951001007175,1.4645123025750204,3.172941154841373,2.849584196386201
0.02,0.5711586478126432,4.55006389008424,1.499023558124274,3.1973771137872746,2.8735921908721074
0.02,0.6468607661546326,4.715874879416686,1.5414006820591757,3.222430252828566,2.8981606424810376
0.02,0.732596542821523,4.925094065805922,1.5930073808926257,3.2481863888961366,2.943669008687124
0.02,0.8296958520834908,5.188052727831167,1.6556023453575728,3.2747432453723255,2.989983050122558
0.02,0.9396648314954695,5.5175137926923465,1.7308734935120753,3.3225961198614495,3.0372198518978895
0.02,1.0642092440647246,5.929337436602494,1.8207483536138604,3.3920212355000983,3.126381096575392
0.02,1.2052609368708427,6.442706387110872,1.9273489955590788,3.4628617160188764,3.2169781148814414
0.02,1.3650078065460138,7.081227909300394,2.052843167238209,3.576436047754705,3.3297853548061043
0.02,1.5459277364194777,7.875008359676468,2.1996411145141406,3.6921662204158014,3.465273385641646
0.02,1.750827031735725,8.85892635935703,2.3702074020469452,3.8310945637739535,3.624008425191578
0.02,1.9828839491270713,10.079741141177283,2.5677948865850646,4.014685437447589,3.8274721735251624
0.02,2.245697995539774,11.591968503460068,2.79500671168302,4.244049215323959,4.055889442230779
0.02,2.5433457613046495,13.468275813904139,3.055424906438538,4.47848536741012,4.331305129983496
0.02,2.8804441533962977,15.796462904204226,3.3525928293913165,4.78230598306025,4.6341814924344895
0.02,3.26222200971167,18.685297974850243,3.6904530157015443,5.136533718423575,4.987339822037828
0.02,3.6946012051993025,22.27768661568921,4.074070613753661,5.52201470657712,5.41458253329741
0.02,4.184288507901583,26.74558566205785,4.507559327023912,5.984340076502936,5.875928136711217
0.02,4.738879609717656,32.30624922697503,4.996443511411564,6.505582011238954,6.417964758562335
0.02,5.366976945540476,39.23714134033958,5.545811321788879,7.11196549720628,7.023342886649193
0.02,6.07832312829723,47.877145291359675,6.162254024070553,7.8092271307112595,7.741906215791335
0.02,6.8839520696455,58.6459460731488,6.852166279239109,8.58153343427625,8.536008063272133
0.02,7.796360130405237,72.08842567864488,7.622235323972521,9.48239685572875,9.43614126618861
0.02,8.829699955494092,88.84444028154262,8.479379519671031,10.4994190608845,10.452336468683225
0.02,10.0,109.72374959139457,9.428999744371955,11.668668272509002,11.62064906562625
0.02,11.325413151528126,135.72465581948381,10.47967129114872,12.981650871211835,12.93257090950593
0.02,12.826498305280612,168.06337163866985,11.635838519912836,14.455877730906902,14.430737075722716
0.02,14.526539259467812,208.18480509091407,12.903896652243859,16.16391174446853,16.112269857106007
0.02,16.451905877536625,257.9066640360839,14.287340049834246,18.05556058857438,18.02896919006396
0.02,18.6324631193156,319.36960876754654,15.790583382560158,20.240947211258742,20.213483240822843
0.02,21.102034285685967,395.00878667149374,17.41116068126981,22.70485196517703,22.676399770985082
0.02,23.898925662310504,487.817662396164,19.146255108328337,25.490546441741362,25.460975043317067
0.02,27.06652070033241,601.1519273045399,20.988855204514945,28.649379472032336,28.618540528574822
0.02,30.653952950565298,738.6809356812854,22.93192395857873,32.24221708588025,32.20994259530379
0.02,34.71686818926563,905.0596785926382,24.951105712036853,36.273329488401046,36.273329488401046
0.02,39.3182875570577,1104.3896930099663,27.023945098330245,40.88840428982553,40.852662678558204
0.02,44.529585099426555,1341.854584829786,29.124378444718136,46.073243670308734,46.073243670308734
0.02,50.431594871713585,1621.6995400625042,31.208131073004974,51.9640069528314,51.9640069528314
0.02,57.11586478126435,1948.4075543571546,33.22814996047283,58.63725656333319,58.63725656333319
0.02,64.68607661546328,2325.306325377006,35.113118275239046,66.22329316211024,66.22329316211024
0.02,73.2596542821523,2755.575592436223,36.85177717946498,74.77456457572744,74.77456457572744
0.02,82.96958520834914,3236.0795691307885,38.31944628522039,84.49607932047157,84.4428702031413
0.02,93.966483149547,3771.2204045710873,39.506109708030976,95.45916903593412,95.45916903593412
0.02,106.42092440647247,4348.457770092291,40.296692572321874,107.91103419438117,107.91103419438117
0.02,120.52609368708426,4961.100447270829,40.6617360923016,122.009066115849,122.009066115849
0.02,136.50078065460139,5597.507808607978,40.58619545404319,137.9165439378565,137.9165439378565
0.02,154.59277364194784,6242.623463005324,40.005546676856554,156.0439484411975,156.0439484411975
0.02,175.08270317357253,6871.082468820701,38.941695671479174,176.44538457664208,176.44538457664208
0.02,198.28839491270713,7477.779197716918,37.44436022139197,199.7037512058989,199.7037512058989
0.02,224.56979955397762,8038.971603020136,35.58695862142152,225.8965619551733,225.8965619551733
0.02,254.33457613046508,8530.59629720878,33.37102094355319,255.62886768247864,255.62886768247864
0.02,288.0444153396298,8951.76729338193,30.937094443993857,289.35384703264634,289.35384703264634
0.02,326.222200971167,9291.383284092633,28.371567883112217,327.48924283536695,327.48924283536695
0.02,369.46012051993023,9550.564010724042,25.76458794996762,370.68568801761273,370.68568801761273
0.02,418.42885079015844,9742.17435247603,23.218709856822016,419.5829317197668,419.5829317197668
0.02,473.8879609717656,9860.246836985336,20.757400885705938,475.0231925122835,475.0231925122835
0.02,536.6976945540476,9935.598020899622,18.478089050007966,537.6961867653375,537.6961867653375
0.02,607.8323128297236,9999.622602312864,16.424824061919914,608.8115504078038,608.8115504078038
0.02,688.3952069645503,10027.37787607497,14.547619273968547,689.2796468778861,689.2796468778861
0.02,779.6360130405237,10029.910117918775,12.851151939266677,780.4677872706802,780.4677872706802
0.02,882.9699955494092,9987.188610211746,11.30100347529712,883.7435217184701,883.7435217184701
0.02,1000.0,10019.626031032294,10.013240993169063,1000.6376594618653,1000.6376594618653
0.03,0.1,3.926586744467002,1.323070436777456,3.1475399527811128,2.7866756142456985
0.03,0.11325413151528117,3.9319806711036325,1.3247616972676104,3.148372645317287,2.7874128388477892
0.03,0.12826498305280606,3.93896738549188,1.3269409472763822,3.1493157040173236,2.7882477761682036
0.03,0.14526539259467808,3.9477993022878892,1.3296776743265908,3.150383756957729,2.789193377179136
0.03,0.16451905877536624,3.959186118616983,1.333179177077269,3.1515933710395094,2.7902643093916675
0.03,0.18632463119315604,3.973768510917586,1.3376283435479706,3.1529633089625153,2.791477184368087
0.03,0.21102034285685956,3.9924380720812724,1.3432673511069824,3.154514820259515,2.7928508153889973
0.03,0.23898925662310497,4.016372182532319,1.3504150823300658,3.1361683341469413,2.794406509271954
0.03,0.27066520700332414,4.046900655868295,1.359418661031199,3.1381457043987675,2.7961683968681323
0.03,0.3065395295056528,4.085917732594882,1.3707577748052089,3.1605158255831887,2.7981638073634603
0.03,0.34716868189265615,4.135731781130694,1.384972097198089,3.163068357365805,2.800423692190108
0.03,0.3931828755705769,4.199200701446262,1.402836168322183,3.165959205067859,2.823148444009556
0.03,0.44529585099426555,4.279862613936505,1.4250589265062599,3.1692332095262503,2.826067938431051
0.03,0.504315948717136,4.38209887270977,1.4526307687730813,3.172941154841373,2.849584196386201
0.03,0.5711586478126432,4.511702587136826,1.4866261572200652,3.1973771137872746,2.8735921908721074
0.03,0.6468607661546326,4.675241095821843,1.528360547532959,3.222430252828566,2.8981606424810376
0.03,0.732596542821523,4.8815171499537815,1.5791345254308238,3.2481863888961366,2.943669008687124
0.03,0.8296958520834908,5.140655842827897,1.640694123850591,3.2747432453723255,2.989983050122558
0.03,0.9396648314954695,5.465157099874074,1.7146783290998624,3.3225961198614495,3.0372198518978895
0.03,1.0642092440647246,5.870543178678576,1.802892407479505,3.3920212355000983,3.126381096575392
0.03,1.2052609368708427,6.375502327599971,1.9074365481897622,3.4628617160188764,3.2169781148814414
0.03,1.3650078065460138,7.003013355997904,2.0303500607359366,3.576436047754705,3.3297853548061043
0.03,1.5459277364194777,7.78228254207228,2.1739155623621342,3.6921662204158014,3.465273385641646
0.03,1.750827031735725,8.747114722928709,2.340454714289408,3.8310945637739535,3.624008425191578
0.03,1.9828839491270713,9.942364592060812,2.5329457942821154,4.014685437447589,3.8274721735251624
0.03,2.245697995539774,11.420575907381894,2.753809587462538,4.244049215323959,4.055889442230779
0.03,2.5433457613046495,13.251128343401616,3.0062714715089016,4.47848536741012,4.331305129983496
0.03,2.8804441533962977,15.51755964343363,3.2935082723307767,4.78230598306025,4.6341814924344895
0.03,3.26222200971167,18.322633986492367,3.618916675815017,5.136533718423575,4.987339822037828
0.03,3.6946012051993025,21.800712914314712,3.9869047569459837,5.52201470657712,5.41458253329741
0.03,4.184288507901583,26.112132800840705,4.40086106517005,5.984340076502936,5.875928136711217
0.03,4.738879609717656,31.457731358699903,4.865255111331587,6.505582011238954,6.417964758562335
0.03,5.366976945540476,38.09195283684905,5.383990058238425,7.11196549720628,7.023342886649193
0.03,6.07832312829723,46.32181607128534,5.962064897180354,7.8092271307112595,7.741906215791335
0.03,6.8839520696455,56.522248629196,6.604029717924056,8.58153343427625,8.536008063272133
0.03,7.796360130405237,69.17563346113941,7.314233349217941,9.48239685572875,9.43614126618861
0.03,8.829699955494092,84.8353347361741,8.096721170690126,10.4994190608845,10.452336468683225
0.03,10.0,104.19156526925924,8.953525014143821,11.668668272509002,11.62064906562625
0.03,11.325413151528126,128.07539748670203,9.888961745300708,12.981650871211835,12.93257090950593
0.03,12.826498305280612,157.4738882907057,10.902624078909005,14.455877730906902,14.430737075722716
0.03,14.526539259467812,193.52321058066292,11.99496808405101,16.16391174446853,16.112269857106007
0.03,16.451905877536625,237.60754203702285,13.16273724891781,18.05556058857438,18.02896919006396
0.03,18.6324631193156,291.29567223967064,14.402385109486604,20.240947211258742,20.213483240822843
0.03,21.102034285685967,356.25469887597717,15.702772677232314,22.70485196517703,22.676399770985082
0.03,23.898925662310504,434.45066609523394,17.05143412694025,25.490546441741362,25.460975043317067
0.03,27.06652070033241,527.9019845137092,18.431147760041252,28.649379472032336,28.618540528574822
0.03,30.653952950565298,638.5808030176837,19.823957619532816,32.24221708588025,32.20994259530379
0.03,34.71686818926563,768.8590365782878,21.1962631338858,36.273329488401046,36.273329488401046
0.03,39.3182875570577,920.2119173447537,22.516554766994293,40.88840428982553,40.852662678558204
0.03,44.529585099426555,1094.3648411541496,23.75271966925563,46.073243670308734,46.073243670308734
0.03,50.431594871713585,1291.7406813905295,24.858373269079582,51.9640069528314,51.9640069528314
0.03,57.11586478126435,1512.303119951571,25.790823251052952,58.63725656333319,58.63725656333319
0.03,64.68607661546328,1754.5991612853338,26.49519644077789,66.22329316211024,66.22329316211024
0.03,73.2596542821523,2016.4299775440782,26.966789963744322,74.77456457572744,74.77456457572744
0.03,82.96958520834914,2291.1576919742283,27.1279287097787,84.49607932047157,84.4428702031413
0.03,93.966483149547,2577.294703404035,26.99892246530925,95.45916903593412,95.45916903593412
0.03,106.42092440647247,2862.836350809435,26.529597943177716,107.91103419438117,107.91103419438117
0.03,120.52609368708426,3141.0330363030866,25.744259310374858,122.009066115849,122.009066115849
0.03,136.50078065460139,3403.476397873708,24.677796446286187,137.9165439378565,137.9165439378565
0.03,154.59277364194784,3644.0924752480596,23.352988127067764,156.0439484411975,156.0439484411975
0.03,175.08270317357253,3850.16813692374,21.8207358960492,176.44538457664208,176.44538457664208
0.03,198.28839491270713,4028.517842695841,20.1724695623887,199.7037512058989,199.7037512058989
0.03,224.56979955397762,4170.815370186344,18.463385781913747,225.8965619551733,225.8965619551733
0.03,254.33457613046508,4276.688394356563,16.730068216195036,255.62886768247864,255.62886768247864
0.03,288.0444153396298,4355.119856253802,15.051190440065017,289.35384703264634,289.35384703264634
0.03,326.222200971167,4406.537640208994,13.45551872805855,327.48924283536695,327.48924283536695
0.03,369.46012051993023,4437.939738200872,11.97224463111726,370.68568801761273,370.68568801761273
0.03,418.42885079015844,4457.164148513956,10.622844285503087,419.5829317197668,419.5829317197668
0.03,473.8879609717656,4463.05382017243,9.395444034150017,475.0231925122835,475.0231925122835
0.03,536.6976945540476,4463.574567379073,8.301294815257963,537.6961867653375,537.6961867653375
0.03,607.8323128297236,4474.26535372038,7.349179480453937,608.8115504078038,608.8115504078038
0.03,688.3952069645503,4476.04315937462,6.493798532495481,689.2796468778861,689.2796468778861
0.03,779.6360130405237,4473.276177733946,5.731532102531905,780.4677872706802,780.4677872706802
0.03,882.9699955494092,4453.722767728718,5.039610088533718,883.7435217184701,883.7435217184701
0.03,1000.0,4467.689348267434,4.464842299329531,1000.6376594618653,1000.6376594618653
0.04,0.1,3.896189417688722,1.3130802485708546,3.1475399527811128,2.7866756142456985
0.04,0.11325413151528117,3.9015358795415134,1.3147542918026867,3.148372645317287,2.7874128388477892
0.04,0.12826498305280606,3.908387867740846,1.3168904655491291,3.1493157040173236,2.7882477761682036
0.04,0.14526539259467808,3.9171728374758144,1.319609849825791,3.150383756957729,2.789193377179136
0.04,0.16451905877536624,3.92841663904748,1.3230669540581894,3.1515933710395094,2.7902643093916675
0.04,0.18632463119315604,3.94283013658,1.3274610500631001,3.1529633089625153,2.791477184368087
0.04,0.21102034285685956,3.961261490429522,1.3330274791723573,3.154514820259515,2.7928508153889973
0.04,0.23898925662310497,3.9848721253092623,1.3400760016193132,3.1361683341469413,2.794406509271954
0.04,0.27066520700332414,4.015051247446805,1.348971916607803,3.1381457043987675,2.7961683968681323
0.04,0.3065395295056528,4.0536040126545405,1.3601706518425682,3.1605158255831887,2.7981638073634603
0.04,0.34716868189265615,4.102740084425101,1.3741841059414444,3.163068357365805,2.800423692190108
0.04,0.3931828755705769,4.16542999918882,1.3917929528397621,3.165959205067859,2.823148444009556
0.04,0.44529585099426555,4.24505089540929,1.4137169348578884,3.1692332095262503,2.826067938431051
0.04,0.504315948717136,4.345932961889846,1.4408804465634384,3.172941154841373,2.849584196386201
0.04,0.5711586478126432,4.473809451727551,1.4743678729141771,3.1973771137872746,2.8735921908721074
0.04,0.6468607661546326,4.635109625530938,1.5154679684516985,3.222430252828566,2.8981606424810376
0.04,0.732596542821523,4.838480159626521,1.5654242465025,3.2481863888961366,2.9233678500065228
0.04,0.8296958520834908,5.093860618461353,1.625964404173432,3.2747432453723255,2.989983050122558
0.04,0.9396648314954695,5.413496893667637,1.698685823133289,3.3225961198614495,3.0372198518978895
0.04,1.0642092440647246,5.812542646330653,1.7852654106305106,3.3920212355000983,3.126381096575392
0.04,1.2052609368708427,6.309234996097706,1.887791203414173,3.4628617160188764,3.2169781148814414
0.04,1.3650078065460138,6.925940284006858,2.008172446864246,3.576436047754705,3.3297853548061043
0.04,1.5459277364194777,7.690982352057096,2.148570233368927,3.6921662204158014,3.465273385641646
0.04,1.750827031735725,8.637033032404624,2.3111598742605395,3.8310945637739535,3.624008425191578
0.04,1.9828839491270713,9.80735797058298,2.4986823270689893,4.014685437447589,3.8274721735251624
0.04,2.245697995539774,11.252362524883983,2.7133669135112526,4.244049215323959,4.055889442230779
0.04,2.5433457613046495,13.038336178786063,2.958090559725534,4.47848536741012,4.331305129983496
0.04,2.8804441533962977,15.244735830129063,3.2356907371307515,4.78230598306025,4.6341814924344895
0.04,3.26222200971167,17.968620627375326,3.5490708480238196,5.136533718423575,4.987339822037828
0.04,3.6946012051993025,21.33619200466621,3.901994119138533,5.52201470657712,5.41458253329741
0.04,4.184288507901583,25.496845824280644,4.297199488314735,5.984340076502936,5.875928136711217
0.04,4.738879609717656,30.63603513021807,4.738191382358382,6.505582011238954,6.417964758562335
0.04,5.366976945540476,36.986877682402444,5.2278063505389145,7.11196549720628,7.023342886649193
0.04,6.07832312829723,44.82680879194817,5.76961618001017,7.8092271307112595,7.741906215791335
0.04,6.8839520696455,54.49006282928776,6.3665695657208925,8.58153343427625,8.536008063272133
0.04,7.796360130405237,66.40252629871448,7.020978025353432,9.48239685572875,9.43614126618861
0.04,8.829699955494092,81.04046995489983,7.734479182082508,10.4994190608845,10.452336468683225
0.04,10.0,98.98898877310398,8.506352801984498,11.668668272509002,11.62064906562625
0.04,11.325413151528126,120.93481198387646,9.33749319714296,12.981650871211835,12.93257090950593
0.04,12.826498305280612,147.67020310423487,10.223791744674482,14.455877730906902,14.430737075722716
0.04,14.526539259467812,180.07612028667322,11.161266819274276,16.16391174446853,16.112269857106007
0.04,16.451905877536625,219.18410526376059,12.142012425372876,18.05556058857438,18.02896919006396
0.04,18.6324631193156,266.11625599282405,13.157266222497052,20.240947211258742,20.213483240822843
0.04,21.102034285685967,321.95569451831506,14.190727506643244,22.70485196517703,22.676399770985082
0.04,23.898925662310504,387.9171148429895,15.224776817106266,25.490546441741362,25.460975043317067
0.04,27.06652070033241,465.0916642823353,16.237770204038775,28.649379472032336,28.618540528574822
0.04,30.653952950565298,554.3302586700825,17.208000115874388,32.24221708588025,32.20994259530379
0.04,34.71686818926563,656.5821963583714,18.100963038651408,36.273329488401046,36.273329488401046
0.04,39.3182875570577,771.8626550436173,18.885859074895084,40.88840428982553,40.852662678558204
0.04,44.529585099426555,900.0716129424329,19.53566845397672,46.073243670308734,46.073243670308734
0.04,50.431594871713585,1039.9633241925874,20.013147275893864,51.9640069528314,51.9640069528314
0.04,57.11586478126435,1189.785903813828,20.2906134008633,58.63725656333319,58.63725656333319
0.04,64.68607661546328,1346.8043873476006,20.33732125116026,66.22329316211024,66.22329316211024
0.04,73.2596542821523,1507.716133464666,20.16348930976036,74.77456457572744,74.77456457572744
0.04,82.96958520834914,1666.7567291923424,19.73248628930624,84.49607932047157,84.4428702031413
0.04,93.966483149547,1822.1819919888462,19.08860102587855,95.45916903593412,95.45916903593412
0.04,106.42092440647247,1966.2186596434397,18.22073779870992,107.91103419438117,107.91103419438117
0.04,120.52609368708426,2095.616278552193,17.17590622784033,122.009066115849,122.009066115849
0.04,136.50078065460139,2206.7958268921216,16.00095074805874,137.9165439378565,137.9165439378565
0.04,154.59277364194784,2300.221396996059,14.740856149656185,156.0439484411975,156.0439484411975
0.04,175.08270317357253,2369.861727207966,13.431134698672585,176.44538457664208,176.44538457664208
0.04,198.28839491270713,2426.0448978183476,12.148218965186302,199.7037512058989,199.7037512058989
0.04,224.56979955397762,2464.2117409911884,10.90858452941034,225.8965619551733,225.8965619551733
0.04,254.33457613046508,2488.5538782755784,9.735026802085034,255.62886768247864,255.62886768247864
0.04,288.0444153396298,2505.5406755852564,8.659088867419028,289.35384703264634,289.35384703264634
0.04,326.222200971167,2514.250560194679,7.677353119835527,327.48924283536695,327.48924283536695
0.04,369.46012051993023,2518.4844776960726,6.794123860472352,370.68568801761273,370.68568801761273
0.04,418.42885079015844,2520.8582587026217,6.008009545026645,419.5829317197668,419.5829317197668
0.04,473.8879609717656,2520.18239007255,5.305388094303167,475.0231925122835,475.0231925122835
0.04,536.6976945540476,2517.426306484122,4.681874948060181,537.6961867653375,537.6961867653375
0.04,607.8323128297236,2523.2488501396374,4.144548257091173,608.8115504078038,608.8115504078038
0.04,688.3952069645503,2523.884132009209,3.6616257906949987,689.2796468778861,689.2796468778861
0.04,779.6360130405237,2522.9648648936545,3.2326316422571906,780.4677872706802,780.4677872706802
0.04,882.9699955494092,2512.90733778446,2.843480349251131,883.7435217184701,883.7435217184701
0.04,1000.0,2520.993754561434,2.5193872434475466,1000.6376594618653,1000.6376594618653
0.05,0.1,3.8661627966192937,1.3032012552404055,3.1475399527811128,2.7866756142456985
0.05,0.11325413151528117,3.871445935426745,1.3048540836429436,3.148372645317287,2.7874128388477892
0.05,0.12826498305280606,3.8782165936309236,1.3069628767692414,3.1493157040173236,2.7882477761682036
0.05,0.14526539259467808,3.8868911344180943,1.3096470029967509,3.150383756957729,2.789193377179136
0.05,0.16451905877536624,3.898004458275326,1.3130626052696397,3.1515933710395094,2.7902643093916675
0.05,0.18632463119315604,3.9122345237602145,1.3173997483248252,3.1529633089625153,2.791477184368087
0.05,0.21102034285685956,3.9304613622847926,1.322900055730004,3.154514820259515,2.7928508153889973
0.05,0.23898925662310497,3.953767381170569,1.3298572494112924,3.1562719709042932,2.794406509271954
0.05,0.27066520700332414,3.983569628064994,1.338639015348798,3.1381457043987675,2.7961683968681323
0.05,0.3065395295056528,4.021635303054959,1.349687154532646,3.1605158255831887,2.7981638073634603
0.05,0.34716868189265615,4.070198195431628,1.3635325556900646,3.163068357365805,2.800423692190108
0.05,0.3931828755705769,4.132058225388006,1.380870173908965,3.165959205067859,2.823148444009556
0.05,0.44529585099426555,4.21064743939033,1.4024992701302466,3.1692332095262503,2.826067938431051
0.05,0.504315948717136,4.3102021427601285,1.429260069875944,3.172941154841373,2.849584196386201
0.05,0.5711586478126432,4.436374083211087,1.462247534295421,3.1973771137872746,2.8735921908721074
0.05,0.6468607661546326,4.595462971518068,1.5027226240797988,3.222430252828566,2.8981606424810376
0.05,0.732596542821523,4.795981078521251,1.5519016025136074,3.2481863888961366,2.9233678500065228
0.05,0.8296958520834908,5.047648305858792,1.6114076039976106,3.2747432453723255,2.989983050122558
0.05,0.9396648314954695,5.362502329689719,1.6828879505906826,3.3225961198614495,3.0372198518978895
0.05,1.0642092440647246,5.755321196876159,1.7678636147964082,3.3920212355000983,3.126381096575392
0.05,1.2052609368708427,6.243888933840554,1.868406175492471,3.4628617160188764,3.2169781148814414
0.05,1.3650078065460138,6.849987805319657,1.986305227855908,3.576436047754705,3.3297853548061043
0.05,1.5459277364194777,7.601075890418324,2.1236007560175807,3.6921662204158014,3.465273385641646
0.05,1.750827031735725,8.528735970945043,2.2823267951508304,3.8310945637739535,3.624008425191578
0.05,1.9828839491270713,9.674691427145492,2.4649996383092345,4.014685437447589,3.8274721735251624
0.05,2.245697995539774,11.08728935423695,2.6736574457312514,4.244049215323959,4.055889442230779
0.05,2.5433457613046495,12.829786987653518,2.9108584250463583,4.47848536741012,4.331305129983496
0.05,2.8804441533962977,14.977854260720713,3.1791135500717695,4.78230598306025,4.6341814924344895
0.05,3.26222200971167,17.622989063320027,3.4808578555507657,5.136533718423575,4.987339822037828
0.05,3.6946012051993025,20.883694996644717,3.8192692797764387,5.52201470657712,5.41458253329741
0.05,4.184288507901583,24.899131970721754,4.196477137105158,5.984340076502936,5.875928136711217
0.05,4.738879609717656,29.840207330911962,4.615112404618175,6.505582011238954,6.417964758562335
0.05,5.366976945540476,35.92024152542527,5.077036699451237,7.11196549720628,7.023342886649193
0.05,6.07832312829723,43.389631386496745,5.58459567124426,7.8092271307112595,7.719465910818027
0.05,6.8839520696455,52.5450762695544,6.139276910986379,8.58153343427625,8.536008063272133
0.05,7.796360130405237,63.761720547415486,6.741690310325303,9.48239685572875,9.43614126618861
0.05,8.829699955494092,77.44717041683401,7.3914541350070975,10.4994190608845,10.452336468683225
0.05,10.0,94.09457133829551,8.085631394936566,11.668668272509002,11.62064906562625
0.05,11.325413151528126,114.26556106466911,8.822385308960214,12.981650871211835,12.93257090950593
0.05,12.826498305280612,138.58766404382786,9.59486825780641,14.455877730906902,14.430737075722716
0.05,14.526539259467812,167.73247810144514,10.395921833890359,16.16391174446853,16.112269857106007
0.05,16.451905877536625,202.44535748697365,11.214590457163773,18.05556058857438,18.02896919006396
0.05,18.6324631193156,243.50262281128644,12.038985632292075,20.240947211258742,20.213483240822843
0.05,21.102034285685967,291.54738138344834,12.850145146202886,22.70485196517703,22.676399770985082
0.05,23.898925662310504,347.25370365344696,13.628497807132945,25.490546441741362,25.460975043317067
0.05,27.06652070033241,411.0799178536504,14.35162887889763,28.649379472032336,28.618540528574822
0.05,30.653952950565298,483.16977524597667,14.998415232756667,32.24221708588025,32.20994259530379
0.05,34.71686818926563,563.6107707366247,15.537883582394825,36.273329488401046,36.273329488401046
0.05,39.3182875570577,651.6868293410049,15.944586992786856,40.88840428982553,40.852662678558204
0.05,44.529585099426555,746.4245080484775,16.200823918319006,46.073243670308734,46.073243670308734
0.05,50.431594871713585,846.0462880053998,16.281390478093236,51.9640069528314,51.9640069528314
0.05,57.11586478126435,948.430902949548,16.174544283550553,58.63725656333319,58.63725656333319
0.05,64.68607661546328,1050.9807004188956,15.870257280110858,66.22329316211024,66.22329316211024
0.05,73.2596542821523,1150.8080198300493,15.390367384414203,74.77456457572744,74.77456457572744
0.05,82.96958520834914,1243.9707775361235,14.725023438535093,84.49607932047157,84.4428702031413
0.05,93.966483149547,1329.6470057141632,13.92896061365921,95.45916903593412,95.45916903593412
0.05,106.42092440647247,1403.6281789400737,13.007272049785982,107.91103419438117,107.91103419438117
0.05,120.52609368708426,1465.1291788494752,12.008363193750851,122.009066115849,122.009066115849
0.05,136.50078065460139,1513.19254867041,10.971798636081225,137.9165439378565,137.9165439378565
0.05,154.59277364194784,1550.938785235889,9.939115234707955,156.0439484411975,156.0439484411975
0.05,175.08270317357253,1574.8509914673543,8.9236558584186,176.53545368515492,176.44538457664208
0.05,198.28839491270713,1593.7822360320743,7.9807325921927745,199.7037512058989,199.7037512058989
0.05,224.56979955397762,1604.217740755005,7.101558903199884,225.8965619551733,225.8965619551733
0.05,254.33457613046508,1610.0082574339315,6.298225517447243,255.62886768247864,255.62886768247864
0.05,288.0444153396298,1614.819622099962,5.580778132587849,289.35384703264634,289.35384703264634
0.05,326.222200971167,1616.4987974839669,4.936036321341406,327.48924283536695,327.48924283536695
0.05,369.46012051993023,1617.1456017927396,4.362579009837312,370.68568801761273,370.68568801761273
0.05,418.42885079015844,1617.5027066424036,3.855025036439541,419.5829317197668,419.5829317197668
0.05,473.8879609717656,1616.9794549315177,3.4040010686208855,475.0231925122835,475.0231925122835
0.05,536.6976945540476,1614.5263671346931,3.002674013456056,537.6961867653375,537.6961867653375
0.05,607.8323128297236,1618.695016226011,2.658778426824772,608.8115504078038,608.8115504078038
0.05,688.3952069645503,1619.088476762019,2.348957326820444,689.2796468778861,689.2796468778861
0.05,779.6360130405237,1618.9783885779657,2.0743692628744905,780.4677872706802,780.4677872706802
0.05,882.9699955494092,1613.163404008777,1.8253750826619066,883.7435217184701,883.7435217184701
0.05,1000.0,1618.4857604853476,1.617454375398739,1000.6376594618653,1000.6376594618653
0.06,0.1,3.8364815941439496,1.2934255321695478,3.1475399527811128,2.7866756142456985
0.06,0.11325413151528117,3.8417002958217124,1.2950589618187025,3.148372645317287,2.7874128388477892
0.06,0.12826498305280606,3.8483942839688723,1.2971413037205979,3.1493157040173236,2.7882477761682036
0.06,0.14526539259467808,3.8569659965756924,1.2997926683642642,3.150383756957729,2.789193377179136
0.06,0.16451905877536624,3.8679448351391046,1.3031645084773458,3.1515933710395094,2.7902643093916675
0.06,0.18632463119315604,3.8820049659626275,1.3074460631838174,3.1529633089625153,2.791477184368087
0.06,0.21102034285685956,3.8999999196933954,1.3128764389417935,3.154514820259515,2.7928508153889973
0.06,0.23898925662310497,3.923022912378866,1.319745712243537,3.1562719709042932,2.794406509271954
0.06,0.27066520700332414,3.9524606634631128,1.3284159954424517,3.158262016606452,2.7961683968681323
0.06,0.3065395295056528,3.9900547066942806,1.3393213905901347,3.1605158255831887,2.7981638073634603
0.06,0.34716868189265615,4.038007400787099,1.3529858851863727,3.163068357365805,2.800423692190108
0.06,0.3931828755705769,4.099072239692285,1.3700656570772651,3.165959205067859,2.823148444009556
0.06,0.44529585099426555,4.176655163541032,1.3914033197111633,3.1692332095262503,2.826067938431051
0.06,0.504315948717136,4.274902237849514,1.41776848197061,3.172941154841373,2.849584196386201
0.06,0.5711586478126432,4.399388075357183,1.450262904578947,3.1973771137872746,2.8735921908721074
0.06,0.6468607661546326,4.556306795686297,1.4901224846528835,3.222430252828566,2.8981606424810376
0.06,0.732596542821523,4.7540098272416875,1.5385353571644054,3.2481863888961366,2.9233678500065228
0.06,0.8296958520834908,5.002039999301378,1.597038433426412,3.2747432453723255,2.969643036176146
0.06,0.9396648314954695,5.312166565016918,1.667283796838593,3.3225961198614495,3.0372198518978895
0.06,1.0642092440647246,5.69885383656635,1.7506812928394104,3.3920212355000983,3.126381096575392
0.06,1.2052609368708427,6.179448708934083,1.8492799773956734,3.4628617160188764,3.2169781148814414
0.06,1.3650078065460138,6.775140278513994,1.9647432654780292,3.576436047754705,3.3297853548061043
0.06,1.5459277364194777,7.5125420490529145,2.098999609466704,3.6921662204158014,3.465273385641646
0.06,1.750827031735725,8.422175028777785,2.25394292671762,3.8310945637739535,3.624008425191578
0.06,1.9828839491270713,9.54430359564845,2.431883729680355,4.014685437447589,3.8274721735251624
0.06,2.245697995539774,10.925248832515937,2.634666768330686,4.244049215323959,4.055889442230779
0.06,2.5433457613046495,12.62541616953742,2.864551815209639,4.47848536741012,4.331305129983496
0.06,2.8804441533962977,14.717034002564349,3.123779239339693,4.78230598306025,4.6341814924344895
0.06,3.26222200971167,17.28552907048461,3.4142385460677462,5.136533718423575,4.987339822037828
0.06,3.6946012051993025,20.44293019183145,3.7386696772735015,5.52201470657712,5.41458253329741
0.06,4.184288507901583,24.318419951521047,4.098602134686012,5.984340076502936,5.875928136711217
0.06,4.738879609717656,29.069375219490123,4.495874721341642,6.505582011238954,6.417964758562335
0.06,5.366976945540476,34.89069390842724,4.9314801156678785,7.11196549720628,7.023342886649193
0.06,6.07832312829723,42.007717699379796,5.406663519844357,7.8092271307112595,7.719465910818027
0.06,6.8839520696455,50.68319900358595,5.921663554101416,8.60429611977831,8.536008063272133
0.06,7.796360130405237,61.24614929620851,6.475629716729958,9.48239685572875,9.43614126618861
0.06,8.829699955494092,74.04358462427531,7.066515116285687,10.4994190608845,10.452336468683225
0.06,10.0,89.48778442566679,7.689609234372662,11.668668272509002,11.62064906562625
0.06,11.325413151528126,108.03290948365076,8.340970669639303,12.981650871211835,12.93257090950593
0.06,12.826498305280612,130.16771360676395,9.011807932381089,14.455877730906902,14.430737075722716
0.06,14.526539259467812,156.39195649689296,9.692732462296288,16.16391174446853,16.112269857106007
0.06,16.451905877536625,187.22088146791648,10.371039345705588,18.05556058857438,18.02896919006396
0.06,18.6324631193156,223.16550298576317,11.033250155873294,20.240947211258742,20.213483240822843
0.06,21.102034285685967,264.542032941431,11.659552477689202,22.70485196517703,22.676399770985082
0.06,23.898925662310504,311.6421831592135,12.230492325370813,25.490546441741362,25.460975043317067
0.06,27.06652070033241,364.5063735390445,12.7251998661828,28.649379472032336,28.618540528574822
0.06,30.653952950565298,422.85275751391293,13.125481917238446,32.24221708588025,32.20994259530379
0.06,34.71686818926563,486.2782378991164,13.405944388276001,36.273329488401046,36.273329488401046
0.06,39.3182875570577,553.7744441451808,13.548171852604858,40.88840428982553,40.852662678558204
0.06,44.529585099426555,624.0330375701534,13.54436952682589,46.073243670308734,46.073243670308734
0.06,50.431594871713585,695.3065126154399,13.380540750958279,51.9640069528314,51.9640069528314
0.06,57.11586478126435,765.6771623490727,13.057861285206558,58.63725656333319,58.63725656333319
0.06,64.68607661546328,833.1634562844766,12.581123899183748,66.22329316211024,66.22329316211024
0.06,73.2596542821523,895.6471462717,11.977965386406755,74.77456457572744,74.77456457572744
0.06,82.96958520834914,950.8343779108792,11.253209350912725,84.49607932047157,84.4428702031413
0.06,93.966483149547,998.6998386947313,10.46206298232898,95.45916903593412,95.45916903593412
0.06,106.42092440647247,1037.3317796197637,9.612842536113666,107.91103419438117,107.91103419438117
0.06,120.52609368708426,1067.1259024579122,8.746283669155078,122.009066115849,122.009066115849
0.06,136.50078065460139,1088.119500036649,7.8896952386433234,137.9165439378565,137.9165439378565
0.06,154.59277364194784,1104.0637629835915,7.075338544125849,156.0439484411975,156.0439484411975
0.06,175.08270317357253,1112.286388833707,6.30064027148582,176.53545368515492,176.53545368515492
0.06,198.28839491270713,1119.084614452217,5.60372355398781,199.7037512058989,199.7037512058989
0.06,224.56979955397762,1121.7099215492988,4.965590940564601,225.8965619551733,225.8965619551733
0.06,254.33457613046508,1123.0581456744642,4.393315026804545,255.62886768247864,255.62886768247864
0.06,288.0444153396298,1125.1847660773524,3.888611738244501,289.35384703264634,289.35384703264634
0.06,326.222200971167,1125.591301518416,3.437032898464592,327.48924283536695,327.48924283536695
0.06,369.46012051993023,1125.7350139396422,3.03689905040562,370.68568801761273,370.68568801761273
0.06,418.42885079015844,1125.749458949336,2.683020146542108,419.5829317197668,419.5829317197668
0.06,473.8879609717656,1125.5788218013004,2.3695239296599064,475.0231925122835,475.0231925122835
0.06,536.6976945540476,1123.494336038441,2.089459370722223,537.6961867653375,537.6961867653375
0.06,607.8323128297236,1126.7267793995377,1.8506987566921418,608.8115504078038,608.8115504078038
0.06,688.3952069645503,1126.9982702567972,1.6350377896135067,689.2796468778861,689.2796468778861
0.06,779.6360130405237,1127.25403660691,1.4443312779749076,780.4677872706802,780.4677872706802
0.06,882.9699955494092,1123.6439121377648,1.271459291665075,883.7435217184701,883.7435217184701
0.06,1000.0,1127.4435259384882,1.1267250590436682,1000.6376594618653,1000.6376594618653
0.07,0.1,3.8071468817485936,1.283756583088261,3.1475399527811128,2.7866756142456985
0.07,0.11325413151528117,3.812308573487571,1.2853689025711281,3.148372645317287,2.7874128388477892
0.07,0.12826498305280606,3.8189153811857137,1.2874232911808094,3.1493157040173236,2.7882477761682036
0.07,0.14526539259467808,3.8273850372591074,1.2900416321831039,3.150383756957729,2.789193377179136
0.07,0.16451905877536624,3.838233372867286,1.2933713970686482,3.1515933710395094,2.7902643093916675
0.07,0.18632463119315604,3.8521191393706165,1.297599543850308,3.1529633089625153,2.791477184368087
0.07,0.21102034285685956,3.8699014590185103,1.3029615680993207,3.154514820259515,2.7928508153889973
0.07,0.23898925662310497,3.8926459203131003,1.309743247236327,3.1562719709042932,2.794406509271954
0.07,0.27066520700332414,3.9217136290604944,1.318301358962799,3.158262016606452,2.7961683968681323
0.07,0.3065395295056528,3.958842888524064,1.3290672153819059,3.1605158255831887,2.7981638073634603
0.07,0.34716868189265615,4.00619498491492,1.342552071720128,3.163068357365805,2.800423692190108
0.07,0.3931828755705769,4.066482796433193,1.3593785228751845,3.165959205067859,2.823148444009556
0.07,0.44529585099426555,4.143064204972574,1.380429534117575,3.1692332095262503,2.826067938431051
0.07,0.504315948717136,4.240014862690111,1.4064036242392495,3.172941154841373,2.849584196386201
0.07,0.5711586478126432,4.362845627642741,1.4384119473244212,3.1973771137872746,2.8735921908721074
0.07,0.6468607661546326,4.517624155081096,1.4776654719274014,3.222430252828566,2.8981606424810376
0.07,0.732596542821523,4.712550919984735,1.5253221265023338,3.2481863888961366,2.9233678500065228
0.07,0.8296958520834908,4.956996459422967,1.5828571517419074,3.2747432453723255,2.969643036176146
0.07,0.9396648314954695,5.262482456167542,1.651869983826957,3.3225961198614495,3.0372198518978895
0.07,1.0642092440647246,5.643164899943346,1.733728068055285,3.3920212355000983,3.1059472397350296
0.07,1.2052609368708427,6.115900769133784,1.830406586623589,3.4628617160188764,3.2169781148814414
0.07,1.3650078065460138,6.701378515354547,1.9434807951785904,3.576436047754705,3.3297853548061043
0.07,1.5459277364194777,7.425356256657763,2.074760466492827,3.6921662204158014,3.465273385641646
0.07,1.750827031735725,8.3173364186515,2.226003900748998,3.8310945637739535,3.624008425191578
0.07,1.9828839491270713,9.416150165862442,2.3993213213811275,4.014685437447589,3.8274721735251624
0.07,2.245697995539774,10.766209500655124,2.5963819478132377,4.244049215323959,4.055889442230779
0.07,2.5433457613046495,12.425105203477672,2.8191553109676093,4.47848536741012,4.331305129983496
0.07,2.8804441533962977,14.461273186456722,3.069557981492501,4.78230598306025,4.6341814924344895
0.07,3.26222200971167,16.956040806297214,3.3491699766671843,5.136533718423575,4.987339822037828
0.07,3.6946012051993025,20.013538402325853,3.660130259415385,5.52201470657712,5.41458253329741
0.07,4.184288507901583,23.75417774419314,4.003485853612572,5.984340076502936,5.875928136711217
0.07,4.738879609717656,28.322632711011558,4.3803480591221335,6.505582011238954,6.417964758562335
0.07,5.366976945540476,33.89666548332291,4.7909287146562525,7.11196549720628,7.023342886649193
0.07,6.07832312829723,40.67870682334185,5.235516905744111,7.8092271307112595,7.719465910818027
0.07,6.8839520696455,48.90069567206079,5.713275576964885,8.60429611977831,8.536008063272133
0.07,7.796360130405237,58.849275952980754,6.222105345963285,9.48239685572875,9.43614126618861
0.07,8.829699955494092,70.8184811761301,6.758593442880303,10.4994190608845,10.452336468683225
0.07,10.0,85.15009897666407,7.316691383093648,11.668668272509002,11.62064906562625
0.07,11.325413151528126,102.20551769838377,7.890821276528836,12.981650871211835,12.93257090950593
0.07,12.826498305280612,122.35655425064203,8.470886390143772,14.455877730906902,14.430737075722716
0.07,14.526539259467812,145.96440895562066,9.046102561240376,16.16391174446853,16.112269857106007
0.07,16.451905877536625,173.3597491371246,9.602952695039344,18.0821519870848,18.02896919006396
0.07,18.6324631193156,204.85092196583744,10.127509588509035,20.240947211258742,20.213483240822843
0.07,21.102034285685967,240.51758947635835,10.600351136103717,22.70485196517703,22.676399770985082
0.07,23.898925662310504,280.386764176268,11.003463026063635,25.490546441741362,25.460975043317067
0.07,27.06652070033241,324.2352370758466,11.3188187075743,28.649379472032336,28.618540528574822
0.07,30.653952950565298,371.5462451077973,11.532306835728106,32.24221708588025,32.20994259530379
0.07,34.71686818926563,421.6659495516492,11.62468280411048,36.273329488401046,36.273329488401046
0.07,39.3182875570577,473.5470705856313,11.58457418894996,40.88840428982553,40.852662678558204
0.07,44.529585099426555,525.833661937602,11.41299418162017,46.073243670308734,46.073243670308734
0.07,50.431594871713585,577.0528194007112,11.104856096345914,51.9640069528314,51.9640069528314
0.07,57.11586478126435,625.68842273734,10.670492778964578,58.63725656333319,58.63725656333319
0.07,64.68607661546328,670.427887816222,10.123747337285975,66.22329316211024,66.22329316211024
0.07,73.2596542821523,709.8609568286289,9.493347916586288,74.77456457572744,74.77456457572744
0.07,82.96958520834914,742.897664499999,8.792096278010511,84.49607932047157,84.49607932047157
0.07,93.966483149547,769.9622778574665,8.065880791059747,95.45916903593412,95.45916903593412
0.07,106.42092440647247,790.4422442842467,7.3249436462671245,107.91103419438117,107.91103419438117
0.07,120.52609368708426,805.1189688127915,6.598845433734588,122.009066115849,122.009066115849
0.07,136.50078065460139,814.2294943678064,5.9037840647651985,137.9165439378565,137.9165439378565
0.07,154.59277364194784,821.3728442883179,5.26372763886988,156.0439484411975,156.0439484411975
0.07,175.08270317357253,824.0589134018737,4.667951372938125,176.53545368515492,176.53545368515492
0.07,198.28839491270713,826.7376821530182,4.139820494912155,199.7037512058989,199.7037512058989
0.07,224.56979955397762,827.0633360790971,3.6612480018320013,225.8965619551733,225.8965619551733
0.07,254.33457613046508,827.5793519995267,3.2364617350242475,255.70497035192864,255.70497035192864
0.07,288.0444153396298,828.7360724266642,2.8640921174037897,289.35384703264634,289.35384703264634
0.07,326.222200971167,828.8790061702502,2.531011397485622,327.48924283536695,327.48924283536695
0.07,369.46012051993023,828.9496344821212,2.236260155916067,370.68568801761273,370.68568801761273
0.07,418.42885079015844,828.865745793598,1.9754515332553735,419.5829317197668,419.5829317197668
0.07,473.8879609717656,828.9082775550969,1.7449848567839399,475.0231925122835,475.0231925122835
0.07,536.6976945540476,827.1044048485932,1.5382374381791175,537.6961867653375,537.6961867653375
0.07,607.8323128297236,829.7285739550313,1.3628660188842499,608.8115504078038,608.8115504078038
0.07,688.3952069645503,829.926292627657,1.2040487433320195,689.2796468778861,689.2796468778861
0.07,779.6360130405237,830.3582024224158,1.0639237339009262,780.4677872706802,780.4677872706802
0.07,882.9699955494092,828.0200651143227,0.9369461215446411,883.7435217184701,883.7435217184701
0.07,1000.0,830.8852156254152,0.8303557314365507,1000.6376594618653,1000.6376594618653
0.08,0.1,3.7781456931989896,1.2741867063537229,3.1475399527811128,2.7866756142456985
0.08,0.11325413151528117,3.783245134982164,1.275778868200705,3.148372645317287,2.7874128388477892
0.08,0.12826498305280606,3.7897778411982155,1.2778093693114363,3.1493157040173236,2.7882477761682036
0.08,0.14526539259467808,3.7981536761827623,1.280396423718477,3.150383756957729,2.789193377179136
0.08,0.16451905877536624,3.808863578032507,1.2836826012408558,3.1515933710395094,2.7902643093916675
0.08,0.18632463119315604,3.82258717705388,1.2878569015487402,3.1529633089625153,2.791477184368087
0.08,0.21102034285685956,3.8401490567588015,1.293151298262995,3.154514820259515,2.7928508153889973
0.08,0.23898925662310497,3.8626148321821776,1.2998476647764816,3.1562719709042932,2.794406509271954
0.08,0.27066520700332414,3.891330622145779,1.3082968089278828,3.158262016606452,2.7961683968681323
0.08,0.3065395295056528,3.9279951829086723,1.318921730421454,3.1605158255831887,2.7981638073634603
0.08,0.34716868189265615,3.9747513972179926,1.3322306946506328,3.163068357365805,2.800423692190108
0.08,0.3931828755705769,4.034268691116749,1.3488131137965402,3.165959205067859,2.8029831051237735
0.08,0.44529585099426555,4.109856880024958,1.3695735732097474,3.1692332095262503,2.826067938431051
0.08,0.504315948717136,4.205543620123378,1.3951639684714372,3.172941154841373,2.849584196386201
0.08,0.5711586478126432,4.326739881473061,1.4266935625314743,3.1973771137872746,2.8735921908721074
0.08,0.6468607661546326,4.4794095684833595,1.4653497327085958,3.222430252828566,2.8981606424810376
0.08,0.732596542821523,4.671611906126874,1.512263055337069,3.2481863888961366,2.9233678500065228
0.08,0.8296958520834908,4.912516904501365,1.5688420113554618,3.2747432453723255,2.969643036176146
0.08,0.9396648314954695,5.213437606345899,1.636644534199265,3.3225961198614495,3.0372198518978895
0.08,1.0642092440647246,5.58820932780724,1.7170086683729386,3.3920212355000983,3.1059472397350296
0.08,1.2052609368708427,6.0532293433808935,1.811782649084565,3.4628617160188764,3.2169781148814414
0.08,1.3650078065460138,6.628676445265817,1.922512174092203,3.576436047754705,3.3297853548061043
0.08,1.5459277364194777,7.339493808932975,2.050877113380465,3.6921662204158014,3.465273385641646
0.08,1.750827031735725,8.214190059244732,2.1985019908764487,3.8310945637739535,3.624008425191578
0.08,1.9828839491270713,9.290205340880513,2.367304515064961,4.014685437447589,3.8274721735251624
0.08,2.245697995539774,10.610107495728807,2.558784324178928,4.244049215323959,4.055889442230779
0.08,2.5433457613046495,12.228765807629664,2.7746477060847634,4.47848536741012,4.331305129983496
0.08,2.8804441533962977,14.21132070538357,3.0165246547970286,4.78230598306025,4.6341814924344895
0.08,3.26222200971167,16.63427556314192,3.285612771346881,5.136533718423575,4.987339822037828
0.08,3.6946012051993025,19.595185735918154,3.583599464543867,5.52201470657712,5.41458253329741
0.08,4.184288507901583,23.20586166512015,3.9110363691145613,5.984340076502936,5.875928136711217
0.08,4.738879609717656,27.599125250090626,4.268399920640655,6.505582011238954,6.417964758562335
0.08,5.366976945540476,32.93686268796489,4.6551950075866815,7.11196549720628,7.023342886649193
0.08,6.07832312829723,39.40030937771858,5.0708768593557885,7.8092271307112595,7.741906215791335
0.08,6.8839520696455,47.193552182060735,5.51367431779377,8.60429611977831,8.536008063272133
0.08,7.796360130405237,56.564841534363936,5.98045798538583,9.48239685572875,9.43614126618861
0.08,8.829699955494092,67.76157509760588,6.466714308333686,10.4994190608845,10.452336468683225
0.08,10.0,81.06385923222186,6.965369819319851,11.668668272509002,11.62064906562625
0.08,11.325413151528126,96.75380341524968,7.469670137204816,12.981650871211835,12.93257090950593
0.08,12.826498305280612,115.1054711981103,7.9687345426735545,14.455877730906902,14.430737075722716
0.08,14.526539259467812,136.3679230905126,8.450979357783826,16.16391174446853,16.112269857106007
0.08,16.451905877536625,160.72922727603344,8.902831757560595,18.0821519870848,18.02896919006396
0.08,18.6324631193156,188.3352301928124,9.310712310227633,20.240947211258742,20.213483240822843
0.08,21.102034285685967,219.1080182758556,9.656414387823594,22.70485196517703,22.676399770985082
0.08,23.898925662310504,252.8946893474224,9.92415158269832,25.490546441741362,25.460975043317067
0.08,27.06652070033241,289.3168500137573,10.099354036871102,28.649379472032336,28.618540528574822
0.08,30.653952950565298,327.75021539240726,10.172328458042935,32.24221708588025,32.20994259530379
0.08,34.71686818926563,367.4409139775449,10.129781830340105,36.273329488401046,36.273329488401046
0.08,39.3182875570577,407.4368814317828,9.966487304339886,40.88840428982553,40.852662678558204
0.08,44.529585099426555,446.47932708791586,9.690642366811332,46.073243670308734,46.073243670308734
0.08,50.431594871713585,483.44379183668445,9.303435592938676,51.9640069528314,51.9640069528314
0.08,57.11586478126435,517.2346347265592,8.820921459173352,58.63725656333319,58.63725656333319
0.08,64.68607661546328,547.1089306169171,8.261578434005548,66.22329316211024,66.22329316211024
0.08,73.2596542821523,572.1821338568781,7.652095831028269,74.77456457572744,74.77456457572744
0.08,82.96958520834914,592.1569382112529,7.008099582530407,84.49607932047157,84.49607932047157
0.08,93.966483149547,607.6195050077105,6.365229355589525,95.45916903593412,95.45916903593412
0.08,106.42092440647247,618.6292979473683,5.7327714683284885,107.91103419438117,107.91103419438117
0.08,120.52609368708426,625.9659278629007,5.130487002240791,122.009066115849,122.009066115849
0.08,136.50078065460139,629.9321476551434,4.566272267535059,137.9911741017839,137.9165439378565
0.08,154.59277364194784,633.2514968789535,4.058161198847025,156.0439484411975,156.0439484411975
0.08,175.08270317357253,633.9880498303335,3.59127889948401,176.53545368515492,176.53545368515492
0.08,198.28839491270713,635.1812340752376,3.180617440782832,199.7037512058989,199.7037512058989
0.08,224.56979955397762,634.8084892215494,2.8101733099750326,225.8965619551733,225.8965619551733
0.08,254.33457613046508,635.2353367957713,2.484251033218057,255.70497035192864,255.70497035192864
0.08,288.0444153396298,635.9557034117248,2.1978477560727683,289.35384703264634,289.35384703264634
0.08,326.222200971167,636.028434513303,1.9421353477342846,327.48924283536695,327.48924283536695
0.08,369.46012051993023,636.0873262273246,1.7159748724830768,370.68568801761273,370.68568801761273
0.08,418.42885079015844,635.9608002785692,1.5156974991139962,419.5829317197668,419.5829317197668
0.08,473.8879609717656,636.1239041176218,1.339142833749475,475.0231925122835,475.0231925122835
0.08,536.6976945540476,634.5350036910288,1.180099504718924,537.6961867653375,537.6961867653375
0.08,607.8323128297236,636.7343928224467,1.0458645083128584,608.8115504078038,608.8115504078038
0.08,688.3952069645503,636.8847630817684,0.9239860279736359,689.2796468778861,689.2796468778861
0.08,779.6360130405237,637.4018958805464,0.8166921252567775,780.4677872706802,780.4677872706802
0.08,882.9699955494092,635.8506969492063,0.7194968690834331,883.7435217184701,883.7435217184701
0.08,1000.0,638.099737231424,0.6376931061884965,1000.6376594618653,1000.6376594618653
0.09,0.1,3.749481402335063,1.264718891220876,3.1475399527811128,2.7866756142456985
0.09,0.11325413151528117,3.7545180046448476,1.266292222585292,3.148372645317287,2.7874128388477892
0.09,0.12826498305280606,3.760973238889794,1.2682968809001487,3.1493157040173236,2.7882477761682036
0.09,0.14526539259467808,3.7692468171564415,1.2708500898906232,3.150383756957729,2.789193377179136
0.09,0.16451905877536624,3.7798323929803743,1.2740955105331868,3.1515933710395094,2.7902643093916675
0.09,0.18632463119315604,3.793389515028848,1.2782173172416944,3.1529633089625153,2.791477184368087
0.09,0.21102034285685956,3.8107397761224577,1.2834450984807202,3.154514820259515,2.7928508153889973
0.09,0.23898925662310497,3.832935406161072,1.290055889345073,3.1562719709042932,2.794406509271954
0.09,0.27066520700332414,3.8612896210843415,1.2983960392744343,3.158262016606452,2.7961683968681323
0.09,0.3065395295056528,3.8976092850190183,1.3089148121009653,3.1605158255831887,2.7981638073634603
0.09,0.34716868189265615,3.9436698711591336,1.3220198072641698,3.163068357365805,2.800423692190108
0.09,0.3931828755705769,4.00243310121342,1.3383811821478482,3.165959205067859,2.8029831051237735
0.09,0.44529585099426555,4.077048229832454,1.3588366626438648,3.1692332095262503,2.826067938431051
0.09,0.504315948717136,4.171466575459898,1.384044915194434,3.172941154841373,2.849584196386201
0.09,0.5711586478126432,4.291065986261309,1.4151247584824946,3.1973771137872746,2.8533556331899095
0.09,0.6468607661546326,4.441658208034228,1.453172313237949,3.222430252828566,2.8981606424810376
0.09,0.732596542821523,4.631171425344927,1.4993538360510226,3.2481863888961366,2.9233678500065228
0.09,0.8296958520834908,4.868597216860092,1.554993040247773,3.2747432453723255,2.969643036176146
0.09,0.9396648314954695,5.165019587946688,1.6216024335577335,3.3225961198614495,3.0372198518978895
0.09,1.0642092440647246,5.533969141451049,1.7004977312974956,3.3920212355000983,3.1059472397350296
0.09,1.2052609368708427,5.991419545880619,1.7934042640493721,3.4628617160188764,3.2169781148814414
0.09,1.3650078065460138,6.557023485906384,1.9018359048510343,3.576436047754705,3.3297853548061043
0.09,1.5459277364194777,7.254927141481174,2.0273447254439145,3.6921662204158014,3.465273385641646
0.09,1.750827031735725,8.112681793900165,2.171425392506116,3.8310945637739535,3.624008425191578
0.09,1.9828839491270713,9.16639632493916,2.335822858077443,4.014685437447589,3.8274721735251624
0.09,2.245697995539774,10.456863132099231,2.5218648540248,4.244049215323959,4.055889442230779
0.09,2.5433457613046495,12.03632535690767,2.7310042508169743,4.47848536741012,4.331305129983496
0.09,2.8804441533962977,13.966723360510107,2.9646131537579232,4.78230598306025,4.6341814924344895
0.09,3.26222200971167,16.32006516163849,3.2235311182420174,5.136533718423575,4.987339822037828
0.09,3.6946012051993025,19.187523303734167,3.509012988457207,5.52201470657712,5.41458253329741
0.09,4.184288507901583,22.673389557938293,3.8212017613859053,5.984340076502936,5.875928136711217
0.09,4.738879609717656,26.89803830352474,4.159905867893813,6.505582011238954,6.417964758562335
0.09,5.366976945540476,32.009919461051545,4.524091211015374,7.11196549720628,7.023342886649193
0.09,6.07832312829723,38.1704249312809,4.9124670394511485,7.8092271307112595,7.741906215791335
0.09,6.8839520696455,45.55815735963039,5.322443619583059,8.60429611977831,8.536008063272133
0.09,7.796360130405237,54.38694724976313,5.750065524167457,9.48239685572875,9.43614126618861
0.09,8.829699955494092,64.8629809634912,6.189931141767575,10.4994190608845,10.452336468683225
0.09,10.0,77.2128674644706,6.63425485249389,11.668668272509002,11.62064906562625
0.09,11.325413151528126,91.65090498351283,7.075441360738474,12.981650871211835,12.93257090950593
0.09,12.826498305280612,108.36965928165995,7.502253897761933,14.455877730906902,14.430737075722716
0.09,14.526539259467812,127.52875247627316,7.902793278983649,16.16391174446853,16.112269857106007
0.09,16.451905877536625,149.2045337265112,8.263978691284303,18.0821519870848,18.02896919006396
0.09,18.6324631193156,173.4216486886492,8.573131266094904,20.240947211258742,20.213483240822843
0.09,21.102034285685967,199.99583922378704,8.813750695387943,22.70485196517703,22.676399770985082
0.09,23.898925662310504,228.66003579620914,8.972707914671535,25.490546441741362,25.460975043317067
0.09,27.06652070033241,258.9563159623313,9.039045770977879,28.649379472032336,28.618540528574822
0.09,30.653952950565298,290.23493648931407,9.007376751371668,32.24221708588025,32.20994259530379
0.09,34.71686818926563,321.73052393719723,8.869616560566229,36.273329488401046,36.273329488401046
0.09,39.3182875570577,352.65455967950624,8.625662814610944,40.88840428982553,40.852662678558204
0.09,44.529585099426555,381.8998475696713,8.288972452264769,46.073243670308734,46.073243670308734
0.09,50.431594871713585,408.686108308137,7.864792041135477,51.9640069528314,51.9640069528314
0.09,57.11586478126435,432.27905768031246,7.372088719966197,58.63725656333319,58.63725656333319
0.09,64.68607661546328,452.36873059723933,6.830960965500019,66.22329316211024,66.22329316211024
0.09,73.2596542821523,468.4193908560722,6.264421511698455,74.77456457572744,74.77456457572744
0.09,82.96958520834914,480.61289036441144,5.68799042783479,84.49607932047157,84.49607932047157
0.09,93.966483149547,489.5213664306272,5.128070685869416,95.45916903593412,95.45916903593412
0.09,106.42092440647247,495.5197353210025,4.591928332633882,107.91103419438117,107.91103419438117
0.09,120.52609368708426,499.2361646460989,4.091795638957424,122.009066115849,122.009066115849
0.09,136.50078065460139,500.94129356889897,3.6302415486326596,137.9911741017839,137.9911741017839
0.09,154.59277364194784,502.5540193685028,3.220592816246775,156.0439484411975,156.0439484411975
0.09,175.08270317357253,502.629378558915,2.8471866022750176,176.53545368515492,176.53545368515492
0.09,198.28839491270713,503.24177033644355,2.519941499834875,199.7037512058989,199.7037512058989
0.09,224.56979955397762,502.6584019715218,2.2251706605046464,225.8965619551733,225.8965619551733
0.09,254.33457613046508,503.12381884893875,1.9675949910417685,255.70497035192864,255.70497035192864
0.09,288.0444153396298,503.6067562487215,1.7404529485723481,289.35384703264634,289.35384703264634
0.09,326.222200971167,503.65229961899865,1.537920132149779,327.48924283536695,327.48924283536695
0.09,369.46012051993023,503.7070801757848,1.3588522472220501,370.68568801761273,370.68568801761273
0.09,418.42885079015844,503.5604514669002,1.2001452237414194,419.5829317197668,419.5829317197668
0.09,473.8879609717656,503.7920583062337,1.0605630761769727,475.0231925122835,475.0231925122835
0.09,536.6976945540476,502.3728813900379,0.9343062007045337,537.6961867653375,537.6961867653375
0.09,607.8323128297236,504.26031539694645,0.8282699548968392,608.8115504078038,608.8115504078038
0.09,688.3952069645503,504.37804015299355,0.7317466030479644,689.2796468778861,689.2796468778861
0.09,779.6360130405237,504.9321490384321,0.6469609089238586,780.4677872706802,780.4677872706802
0.09,882.9699955494092,503.89544313068416,0.570182898937513,883.7435217184701,883.7435217184701
0.09,1000.0,505.71557979088726,0.5053933109641875,1000.6376594618653,1000.6376594618653
0.1,0.1,3.7211449505100016,1.255363363021168,3.1475399527811128,2.766627595438176
0.1,0.11325413151528117,3.726120934301803,1.2569209234844503,3.148372645317287,2.7673595162661506
0.1,0.12826498305280606,3.7324814454880966,1.2588994416523285,3.1493157040173236,2.7681884468432525
0.1,0.14526539259467808,3.740670179596211,1.2614277074114975,3.150383756957729,2.7691272449692144
0.1,0.16451905877536624,3.7511332800617243,1.2646322289496292,3.1515933710395094,2.770190472633454
0.1,0.18632463119315604,3.7645253318942755,1.2686949162189323,3.1529633089625153,2.771394621890619
0.1,0.21102034285685956,3.7816683003210754,1.273841501422568,3.154514820259515,2.7928508153889973
0.1,0.23898925662310497,3.803590938059855,1.2803686380610493,3.1562719709042932,2.794406509271954
0.1,0.27066520700332414,3.8316046857951562,1.2886017034550854,3.158262016606452,2.7961683968681323
0.1,0.3065395295056528,3.8673644485865766,1.2989549441988777,3.1605158255831887,2.7981638073634603
0.1,0.34716868189265615,3.9129595638111647,1.3119185159454494,3.163068357365805,2.800423692190108
0.1,0.3931828755705769,3.97097476008066,1.328062681946434,3.165959205067859,2.8029831051237735
0.1,0.44529585099426555,4.044626983227128,1.3482160741020406,3.1692332095262503,2.826067938431051
0.1,0.504315948717136,4.1378056362517475,1.3730523554459988,3.172941154841373,2.849584196386201
0.1,0.5711586478126432,4.255814778259915,1.4036904246038937,3.1973771137872746,2.8533556331899095
0.1,0.6468607661546326,4.4043606015529715,1.4411331120986286,3.222430252828566,2.8981606424810376
0.1,0.732596542821523,4.591229002607471,1.486591891603749,3.2481863888961366,2.9233678500065228
0.1,0.8296958520834908,4.825222381860688,1.541306022329833,3.2747432453723255,2.969643036176146
0.1,0.9396648314954695,5.117227836245633,1.6067450628255144,3.3225961198614495,3.0372198518978895
0.1,1.0642092440647246,5.480454013601312,1.6841960134952552,3.3920212355000983,3.1059472397350296
0.1,1.2052609368708427,5.930456976382999,1.7752671863151437,3.4628617160188764,3.2169781148814414
0.1,1.3650078065460138,6.486400762111789,1.8814439800333602,3.576436047754705,3.3297853548061043
0.1,1.5459277364194777,7.171642312269167,2.0041548147930737,3.6921662204158014,3.465273385641646
0.1,1.750827031735725,8.012798737437095,2.1447708509758496,3.8310945637739535,3.624008425191578
0.1,1.9828839491270713,9.04470366292707,2.304865542168052,4.014685437447589,3.8274721735251624
0.1,2.245697995539774,10.306417415398153,2.4856088348129006,4.244049215323959,4.055889442230779
0.1,2.5433457613046495,11.847657001977051,2.688211951135549,4.47848536741012,4.331305129983496
0.1,2.8804441533962977,13.727364784280448,2.913798843624619,4.78230598306025,4.6341814924344895
0.1,3.26222200971167,16.01319416080025,3.1628806241802843,5.136533718423575,4.987339822037828
0.1,3.6946012051993025,18.790306262570045,3.43631936519852,5.52201470657712,5.41458253329741
0.1,4.184288507901583,22.15510790144801,3.733816707264133,5.984340076502936,5.875928136711217
0.1,4.738879609717656,26.21864051575438,4.054748539896853,6.505582011238954,6.417964758562335
0.1,5.366976945540476,31.11458548420518,4.397440721826432,7.11196549720628,7.023342886649193
0.1,6.07832312829723,36.9857231454266,4.759936788718937,7.8092271307112595,7.741906215791335
0.1,6.8839520696455,43.99124607573751,5.13920231210125,8.60429611977831,8.536008063272133
0.1,7.796360130405237,52.31003359968949,5.530340951912755,9.48239685572875,9.43614126618861
0.1,8.829699955494092,62.11360369633523,5.927381210311789,10.4994190608845,10.452336468683225
0.1,10.0,73.5820613445903,6.322054611076132,11.668668272509002,11.62064906562625
0.1,11.325413151528126,86.87192544231738,6.706217795662656,12.981650871211835,12.93257090950593
0.1,12.826498305280612,102.10824664221902,7.068616135448745,14.455877730906902,14.430737075722716
0.1,14.526539259467812,119.38031620512749,7.397418626033903,16.16391174446853,16.112269857106007
0.1,16.451905877536625,138.67729826110687,7.680394779446107,18.0821519870848,18.02896919006396
0.1,18.6324631193156,159.93628436154754,7.906171373448663,20.240947211258742,20.213483240822843
0.1,21.102034285685967,182.90548811984183,8.06021704190458,22.70485196517703,22.676399770985082
0.1,23.898925662310504,207.2504993875664,8.132164959637722,25.490546441741362,25.460975043317067
0.1,27.06652070033241,232.48573389310056,8.114861060779843,28.649379472032336,28.649379472032336
0.1,30.653952950565298,257.98731932628147,8.005991868609925,32.24221708588025,32.20994259530379
0.1,34.71686818926563,283.0294982077398,7.8026887026801,36.273329488401046,36.273329488401046
0.1,39.3182875570577,307.00770173272514,7.50844129750079,40.88840428982553,40.852662678558204
0.1,44.529585099426555,328.980007183623,7.140370006022164,46.073243670308734,46.073243670308734
0.1,50.431594871713585,348.4653463507498,6.705898308940218,51.9640069528314,51.9640069528314
0.1,57.11586478126435,365.01398389729474,6.224949891764612,58.63725656333319,58.63725656333319
0.1,64.68607661546328,378.61899793064566,5.717308515657948,66.22329316211024,66.22329316211024
0.1,73.2596542821523,388.9538469747947,5.201686551860617,74.77456457572744,74.77456457572744
0.1,82.96958520834914,396.4687411845332,4.692155474821864,84.49607932047157,84.49607932047157
0.1,93.966483149547,401.63134085858786,4.2073626338335295,95.45916903593412,95.45916903593412
0.1,106.42092440647247,404.94472552461974,3.7525794145869176,107.91103419438117,107.91103419438117
0.1,120.52609368708426,406.8518320713954,3.334603280096292,122.009066115849,122.009066115849
0.1,136.50078065460139,407.55083705724246,2.9534558257807717,137.9911741017839,137.9911741017839
0.1,154.59277364194784,408.38429143516544,2.6171107275528733,156.0439484411975,156.0439484411975
0.1,175.08270317357253,408.2620532248097,2.312634911018675,176.53545368515492,176.53545368515492
0.1,198.28839491270713,408.6219990341019,2.0461408289361764,199.7037512058989,199.7037512058989
0.1,224.56979955397762,407.9818589003302,1.8060560788051736,225.8965619551733,225.8965619551733
0.1,254.33457613046508,408.49193075586004,1.5975126732720508,255.70497035192864,255.70497035192864
0.1,288.0444153396298,408.8250692413437,1.4128896969364226,289.35384703264634,289.35384703264634
0.1,326.222200971167,408.85503353374725,1.248453323211242,327.48924283536695,327.48924283536695
0.1,369.46012051993023,408.9073505040939,1.1031107046265707,370.68568801761273,370.68568801761273
0.1,418.42885079015844,408.750349370097,0.9741824999761795,419.5829317197668,419.5829317197668
0.1,473.8879609717656,409.02142317331607,0.8610556907971167,475.0231925122835,475.0231925122835
0.1,536.6976945540476,407.7395865449797,0.7583084957285112,537.6961867653375,537.6961867653375
0.1,607.8323128297236,409.38949749061766,0.6724404246542199,608.8115504078038,608.8115504078038
0.1,688.3952069645503,409.48371607319285,0.5940748692173957,689.2796468778861,689.2796468778861
0.1,779.6360130405237,410.0507287319782,0.5253909711840102,780.4677872706802,780.4677872706802
0.1,882.9699955494092,409.36277826689195,0.4632144600855141,883.7435217184701,883.7435217184701
0.1,1000.0,410.87140086456264,0.4106095717859809,1000.6376594618653,1000.6376594618653
